Workbook

Sheet EKİM 2026 
A2: SATIŞ | B2: NAKİT SATIŞ | C2: KREDİ SATIŞ | D2: Z RAPORU NAKİT | E2: Z RAPORU KREDİ | F2: YATACAK OLAN | G2: NAKİT FARK | H2: KREDİ FARK | I2: KDV | J2: NAKİT HARCAMA | K2: KREDİ HARCAMA | L2: CİRO | M2: CEP NAKİT | N2: CEP KREDİ
A3: 46296 | B3: 1050 | C3: 5820 | D3: 0 | E3: 5820 | F3: =+E3-(E3*3.99/100) -> 5587.782 | G3: =SUM(D3-B3) -> -1050 | H3: =SUM(E3-C3) -> 0 | I3: =+C3*2/12 -> 970 | J3: 350 | K3: 0 | L3: =+E3+B3 -> 6870 | M3: =SUM(B3-J3) -> 700 | N3: =SUM(E3-K3) -> 5820
A4: =+A3+1 -> 46297 | B4: 2100 | C4: 2950 | D4: 0 | E4: 2950 | F4: =+E4-(E4*3.99/100) -> 2832.295 | G4: =SUM(D4-B4) -> -2100 | H4: =SUM(E4-C4) -> 0 | I4: =+C4*2/12 -> 491.66667 | J4: 145 | K4: 1130 | L4: =+E4+B4 -> 5050 | M4: =SUM(B4-J4) -> 1955 | N4: =SUM(E4-K4) -> 1820
A5: =+A4+1 -> 46298 | B5: 1050 | C5: 6860 | D5: 0 | E5: 6860 | F5: =+E5-(E5*3.99/100) -> 6586.286 | G5: =SUM(D5-B5) -> -1050 | H5: =SUM(E5-C5) -> 0 | I5: =+C5*2/12 -> 1143.3333 | J5: 100 | K5: 0 | L5: =+E5+B5 -> 7910 | M5: =SUM(B5-J5) -> 950 | N5: =SUM(E5-K5) -> 6860
A6: =+A5+1 -> 46299 | B6: 200 | C6: 3010 | D6: 0 | E6: 3010 | F6: =+E6-(E6*3.99/100) -> 2889.901 | G6: =SUM(D6-B6) -> -200 | H6: =SUM(E6-C6) -> 0 | I6: =+C6*2/12 -> 501.66667 | J6: 300 | K6: 0 | L6: =+E6+B6 -> 3210 | M6: =SUM(B6-J6) -> -100 | N6: =SUM(E6-K6) -> 3010
A7: =+A6+1 -> 46300 | B7: 200 | C7: 1050 | D7: 0 | E7: 1050 | F7: =+E7-(E7*3.99/100) -> 1008.105 | G7: =SUM(D7-B7) -> -200 | H7: =SUM(E7-C7) -> 0 | I7: =+C7*2/12 -> 175 | J7: 0 | K7: 16420 | L7: =+E7+B7 -> 1250 | M7: =SUM(B7-J7) -> 200 | N7: =SUM(E7-K7) -> -15370
A8: =+A7+1 -> 46301 | B8: 800 | C8: 6200 | D8: 0 | E8: 6220 | F8: =+E8-(E8*3.99/100) -> 5971.822 | G8: =SUM(D8-B8) -> -800 | H8: =SUM(E8-C8) -> 20 | I8: =+C8*2/12 -> 1033.3333 | J8: 0 | K8: 0 | L8: =+E8+B8 -> 7020 | M8: 0 | N8: =SUM(E8-K8) -> 6220
A9: =+A8+1 -> 46302 | B9: 550 | C9: 1750 | D9: 0 | E9: 1750 | F9: =+E9-(E9*3.99/100) -> 1680.175 | G9: =SUM(D9-B9) -> -550 | H9: =SUM(E9-C9) -> 0 | I9: =+C9*2/12 -> 291.66667 | J9: 3000 | K9: 0 | L9: =+E9+B9 -> 2300 | M9: =SUM(B9-J9) -> -2450 | N9: =SUM(E9-K9) -> 1750
A10: =+A9+1 -> 46303 | F10: =+E10-(E10*3.99/100) -> 0 | G10: =SUM(D10-B10) -> 0 | H10: =SUM(E10-C10) -> 0 | J10: 3300 | K10: 13450 | L10: =+E10+B10 -> 0 | M10: =SUM(B10-J10) -> -3300 | N10: =SUM(E10-K10) -> -13450
A11: =+A10+1 -> 46304 | F11: =+E11-(E11*3.99/100) -> 0 | G11: =SUM(D11-B11) -> 0 | H11: =SUM(E11-C11) -> 0 | L11: =+E11+B11 -> 0 | M11: =SUM(B11-J11) -> 0 | N11: =SUM(E11-K11) -> 0
A12: =+A11+1 -> 46305 | F12: =+E12-(E12*3.99/100) -> 0 | G12: =SUM(D12-B12) -> 0 | H12: =SUM(E12-C12) -> 0 | L12: =+E12+B12 -> 0 | M12: =SUM(B12-J12) -> 0 | N12: =SUM(E12-K12) -> 0
A13: =+A12+1 -> 46306 | F13: =+E13-(E13*3.99/100) -> 0 | G13: =SUM(D13-B13) -> 0 | H13: =SUM(E13-C13) -> 0 | L13: =+E13+B13 -> 0 | M13: =SUM(B13-J13) -> 0 | N13: =SUM(E13-K13) -> 0
A14: =+A13+1 -> 46307 | F14: =+E14-(E14*3.99/100) -> 0 | G14: =SUM(D14-B14) -> 0 | H14: =SUM(E14-C14) -> 0 | L14: =+E14+B14 -> 0 | M14: =SUM(B14-J14) -> 0 | N14: =SUM(E14-K14) -> 0
A15: =+A14+1 -> 46308 | F15: =+E15-(E15*3.99/100) -> 0 | G15: =SUM(D15-B15) -> 0 | H15: =SUM(E15-C15) -> 0 | L15: =+E15+B15 -> 0 | M15: =SUM(B15-J15) -> 0 | N15: =SUM(E15-K15) -> 0
A16: =+A15+1 -> 46309 | F16: =+E16-(E16*3.99/100) -> 0 | G16: =SUM(D16-B16) -> 0 | H16: =SUM(E16-C16) -> 0 | L16: =+E16+B16 -> 0 | M16: =SUM(B16-J16) -> 0 | N16: =SUM(E16-K16) -> 0
A17: =+A16+1 -> 46310 | F17: =+E17-(E17*3.99/100) -> 0 | G17: =SUM(D17-B17) -> 0 | H17: =SUM(E17-C17) -> 0 | L17: =+E17+B17 -> 0 | M17: =SUM(B17-J17) -> 0 | N17: =SUM(E17-K17) -> 0
A18: =+A17+1 -> 46311 | F18: =+E18-(E18*3.99/100) -> 0 | G18: =SUM(D18-B18) -> 0 | H18: =SUM(E18-C18) -> 0 | L18: =+E18+B18 -> 0 | M18: =SUM(B18-J18) -> 0 | N18: =SUM(E18-K18) -> 0
A19: =+A18+1 -> 46312 | F19: =+E19-(E19*3.99/100) -> 0 | G19: =SUM(D19-B19) -> 0 | H19: =SUM(E19-C19) -> 0 | L19: =+E19+B19 -> 0 | M19: =SUM(B19-J19) -> 0 | N19: =SUM(E19-K19) -> 0
A20: =+A19+1 -> 46313 | F20: =+E20-(E20*3.99/100) -> 0 | G20: =SUM(D20-B20) -> 0 | H20: =SUM(E20-C20) -> 0 | L20: =+E20+B20 -> 0 | M20: =SUM(B20-J20) -> 0 | N20: =SUM(E20-K20) -> 0
A21: =+A20+1 -> 46314 | F21: =+E21-(E21*3.99/100) -> 0 | G21: =SUM(D21-B21) -> 0 | H21: =SUM(E21-C21) -> 0 | L21: =+E21+B21 -> 0 | M21: =SUM(B21-J21) -> 0 | N21: =SUM(E21-K21) -> 0 | R21: 5
A22: =+A21+1 -> 46315 | F22: =+E22-(E22*3.99/100) -> 0 | G22: =SUM(D22-B22) -> 0 | H22: =SUM(E22-C22) -> 0 | L22: =+E22+B22 -> 0 | M22: =SUM(B22-J22) -> 0 | N22: =SUM(E22-K22) -> 0
A23: =+A22+1 -> 46316 | F23: =+E23-(E23*3.99/100) -> 0 | G23: =SUM(D23-B23) -> 0 | H23: =SUM(E23-C23) -> 0 | L23: =+E23+B23 -> 0 | M23: =SUM(B23-J23) -> 0 | N23: =SUM(E23-K23) -> 0
A24: =+A23+1 -> 46317 | F24: =+E24-(E24*3.99/100) -> 0 | G24: =SUM(D24-B24) -> 0 | H24: =SUM(E24-C24) -> 0 | L24: =+E24+B24 -> 0 | M24: =SUM(B24-J24) -> 0 | N24: =SUM(E24-K24) -> 0
A25: =+A24+1 -> 46318 | F25: =+E25-(E25*3.99/100) -> 0 | G25: =SUM(D25-B25) -> 0 | H25: =SUM(E25-C25) -> 0 | L25: =+E25+B25 -> 0 | M25: =SUM(B25-J25) -> 0 | N25: =SUM(E25-K25) -> 0
A26: =+A25+1 -> 46319 | F26: =+E26-(E26*3.99/100) -> 0 | G26: =SUM(D26-B26) -> 0 | H26: =SUM(E26-C26) -> 0 | L26: =+E26+B26 -> 0 | M26: =SUM(B26-J26) -> 0 | N26: =SUM(E26-K26) -> 0
A27: =+A26+1 -> 46320 | F27: =+E27-(E27*3.99/100) -> 0 | G27: =SUM(D27-B27) -> 0 | H27: =SUM(E27-C27) -> 0 | L27: =+E27+B27 -> 0 | M27: =SUM(B27-J27) -> 0 | N27: =SUM(E27-K27) -> 0
A28: =+A27+1 -> 46321 | F28: =+E28-(E28*3.99/100) -> 0 | G28: =SUM(D28-B28) -> 0 | H28: =SUM(E28-C28) -> 0 | L28: =+E28+B28 -> 0 | M28: =SUM(B28-J28) -> 0 | N28: =SUM(E28-K28) -> 0
A29: =+A28+1 -> 46322 | F29: =+E29-(E29*3.99/100) -> 0 | G29: =SUM(D29-B29) -> 0 | H29: =SUM(E29-C29) -> 0 | L29: =+E29+B29 -> 0 | M29: =SUM(B29-J29) -> 0 | N29: =SUM(E29-K29) -> 0
A30: =+A29+1 -> 46323 | F30: =+E30-(E30*3.99/100) -> 0 | G30: =SUM(D30-B30) -> 0 | H30: =SUM(E30-C30) -> 0 | L30: =+E30+B30 -> 0 | M30: =SUM(B30-J30) -> 0 | N30: =SUM(E30-K30) -> 0
A31: =+A30+1 -> 46324 | F31: =+E31-(E31*3.99/100) -> 0 | G31: =SUM(D31-B31) -> 0 | H31: =SUM(E31-C31) -> 0 | L31: =+E31+B31 -> 0 | M31: =SUM(B31-J31) -> 0 | N31: =SUM(E31-K31) -> 0
A32: =+A31+1 -> 46325 | F32: =+E32-(E32*3.99/100) -> 0 | G32: =SUM(D32-B32) -> 0 | H32: =SUM(E32-C32) -> 0 | L32: =+E32+B32 -> 0 | M32: =SUM(B32-J32) -> 0 | N32: =SUM(E32-K32) -> 0
A33: =+A32+1 -> 46326 | F33: =+E33-(E33*3.99/100) -> 0 | G33: =SUM(D33-B33) -> 0 | H33: =SUM(E33-C33) -> 0 | L33: =+E33+B33 -> 0 | M33: =SUM(B33-J33) -> 0 | N33: =SUM(E33-K33) -> 0
A34: TOPLAM | B34: =SUM(B3:B33) -> 5950 | C34: =SUM(C3:C33) -> 27640 | D34: =SUM(D3:D33) -> 0 | E34: =SUM(E3:E33) -> 27660 | F34: =+E34-(E34*3.99/100) -> 26556.366 | G34: =SUM(G3:G32) -> -5950 | H34: =SUM(H3:H32) -> 20 | I34: =SUM(I3:I33) -> 4606.6667 | J34: =SUM(J3:J33) -> 7195 | L34: =SUM(L3:L32) -> 33610 | M34: =SUM(M3:M32) -> -2045 | N34: =SUM(N3:N32) -> -3340
F35: =+E34-F34 -> 1103.634 | L35: =AVERAGE(L3:L32) -> 1120.3333
H37: TOPLAM CİRO | J37: =SUM(L3:L32) -> 33610
H38: TOPLAM HARCAMA | J38: =SUM(+J34+K34) -> 7195
H39: TOPLAM CİRODAN KALAN | J39: =SUM(M34+N34) -> -5385

Sheet EYLÜL 2026
A2: SATIŞ | B2: NAKİT SATIŞ | C2: KREDİ SATIŞ | D2: Z RAPORU NAKİT | E2: Z RAPORU KREDİ | F2: YATACAK OLAN | G2: NAKİT FARK | H2: KREDİ FARK | I2: KDV | J2: NAKİT HARCAMA | K2: KREDİ HARCAMA | L2: CİRO | M2: CEP NAKİT | N2: CEP KREDİ
A3: 46266 | B3: 0 | C3: 2790 | D3: 0 | E3: 2790 | F3: =+E3-(E3*3.99/100) -> 2678.679 | G3: =SUM(D3-B3) -> 0 | H3: =SUM(E3-C3) -> 0 | I3: =+C3*2/12 -> 465 | J3: 0 | K3: 0 | L3: =+E3+B3 -> 2790 | M3: =SUM(B3-J3) -> 0 | N3: =SUM(E3-K3) -> 2790
A4: =+A3+1 -> 46267 | B4: 1000 | C4: 2400 | D4: 0 | E4: 2400 | F4: =+E4-(E4*3.99/100) -> 2304.24 | G4: =SUM(D4-B4) -> -1000 | H4: =SUM(E4-C4) -> 0 | I4: =+C4*2/12 -> 400 | J4: 0 | K4: 0 | L4: =+E4+B4 -> 3400 | M4: =SUM(B4-J4) -> 1000 | N4: =SUM(E4-K4) -> 2400
A5: =+A4+1 -> 46268 | B5: 3650 | C5: 2680 | D5: 0 | E5: 2680 | F5: =+E5-(E5*3.99/100) -> 2573.068 | G5: =SUM(D5-B5) -> -3650 | H5: =SUM(E5-C5) -> 0 | I5: =+C5*2/12 -> 446.66667 | J5: 190 | K5: 260 | L5: =+E5+B5 -> 6330 | M5: =SUM(B5-J5) -> 3460 | N5: =SUM(E5-K5) -> 2420
A6: =+A5+1 -> 46269 | B6: 1300 | C6: 1050 | D6: 0 | E6: 1050 | F6: =+E6-(E6*3.99/100) -> 1008.105 | G6: =SUM(D6-B6) -> -1300 | H6: =SUM(E6-C6) -> 0 | I6: =+C6*2/12 -> 175 | J6: 0 | K6: 0 | L6: =+E6+B6 -> 2350 | M6: =SUM(B6-J6) -> 1300 | N6: =SUM(E6-K6) -> 1050
A7: =+A6+1 -> 46270 | B7: 850 | C7: 3640 | D7: 0 | E7: 3640 | F7: =+E7-(E7*3.99/100) -> 3494.764 | G7: =SUM(D7-B7) -> -850 | H7: =SUM(E7-C7) -> 0 | I7: =+C7*2/12 -> 606.66667 | J7: 0 | K7: 1710 | L7: =+E7+B7 -> 4490 | M7: =SUM(B7-J7) -> 850 | N7: =SUM(E7-K7) -> 1930
A8: =+A7+1 -> 46271 | B8: 1450 | C8: 4300 | D8: 0 | E8: 4300 | F8: =+E8-(E8*3.99/100) -> 4128.43 | G8: =SUM(D8-B8) -> -1450 | H8: =SUM(E8-C8) -> 0 | I8: =+C8*2/12 -> 716.66667 | J8: 230 | K8: 140 | L8: =+E8+B8 -> 5750 | M8: 0 | N8: =SUM(E8-K8) -> 4160
A9: =+A8+1 -> 46272 | B9: 500 | C9: 1300 | D9: 0 | E9: 1300 | F9: =+E9-(E9*3.99/100) -> 1248.13 | G9: =SUM(D9-B9) -> -500 | H9: =SUM(E9-C9) -> 0 | I9: =+C9*2/12 -> 216.66667 | J9: 11270 | K9: 34690 | L9: =+E9+B9 -> 1800 | M9: =SUM(B9-J9) -> -10770 | N9: =SUM(E9-K9) -> -33390
A10: =+A9+1 -> 46273 | B10: 0 | C10: 4540 | D10: 0 | E10: 4540 | F10: =+E10-(E10*3.99/100) -> 4358.854 | G10: =SUM(D10-B10) -> 0 | H10: =SUM(E10-C10) -> 0 | I10: =+C10*2/12 -> 756.66667 | J10: 0 | K10: 0 | L10: =+E10+B10 -> 4540 | M10: =SUM(B10-J10) -> 0 | N10: =SUM(E10-K10) -> 4540
A11: =+A10+1 -> 46274 | B11: 1200 | C11: 3880 | D11: 0 | E11: 3880 | F11: =+E11-(E11*3.99/100) -> 3725.188 | G11: =SUM(D11-B11) -> -1200 | H11: =SUM(E11-C11) -> 0 | I11: =+C11*2/12 -> 646.66667 | J11: 0 | K11: 360 | L11: =+E11+B11 -> 5080 | M11: =SUM(B11-J11) -> 1200 | N11: =SUM(E11-K11) -> 3520
A12: =+A11+1 -> 46275 | B12: 1800 | C12: 3060 | D12: 0 | E12: 3060 | F12: =+E12-(E12*3.99/100) -> 2937.906 | G12: =SUM(D12-B12) -> -1800 | H12: =SUM(E12-C12) -> 0 | I12: =+C12*2/12 -> 510 | J12: 0 | K12: 3000 | L12: =+E12+B12 -> 4860 | M12: =SUM(B12-J12) -> 1800 | N12: =SUM(E12-K12) -> 60
A13: =+A12+1 -> 46276 | B13: 600 | C13: 4425 | D13: 0 | E13: 4425 | F13: =+E13-(E13*3.99/100) -> 4248.4425 | G13: =SUM(D13-B13) -> -600 | H13: =SUM(E13-C13) -> 0 | I13: =+C13*2/12 -> 737.5 | J13: 150 | K13: 1980 | L13: =+E13+B13 -> 5025 | M13: =SUM(B13-J13) -> 450 | N13: =SUM(E13-K13) -> 2445
A14: =+A13+1 -> 46277 | B14: 1240 | C14: 3440 | D14: 0 | E14: 3440 | F14: =+E14-(E14*3.99/100) -> 3302.744 | G14: =SUM(D14-B14) -> -1240 | H14: =SUM(E14-C14) -> 0 | I14: =+C14*2/12 -> 573.33333 | J14: 600 | K14: 0 | L14: =+E14+B14 -> 4680 | M14: =SUM(B14-J14) -> 640 | N14: =SUM(E14-K14) -> 3440
A15: =+A14+1 -> 46278 | B15: 300 | C15: 1100 | D15: 0 | E15: 1100 | F15: =+E15-(E15*3.99/100) -> 1056.11 | G15: =SUM(D15-B15) -> -300 | H15: =SUM(E15-C15) -> 0 | I15: =+C15*2/12 -> 183.33333 | J15: 200 | K15: 0 | L15: =+E15+B15 -> 1400 | M15: =SUM(B15-J15) -> 100 | N15: =SUM(E15-K15) -> 1100
A16: =+A15+1 -> 46279 | B16: 0 | C16: 1925 | D16: 0 | E16: 1925 | F16: =+E16-(E16*3.99/100) -> 1848.1925 | G16: =SUM(D16-B16) -> 0 | H16: =SUM(E16-C16) -> 0 | I16: =+C16*2/12 -> 320.83333 | J16: 0 | K16: 0 | L16: =+E16+B16 -> 1925 | M16: =SUM(B16-J16) -> 0 | N16: =SUM(E16-K16) -> 1925
A17: =+A16+1 -> 46280 | B17: 400 | C17: 3040 | D17: 0 | E17: 3040 | F17: =+E17-(E17*3.99/100) -> 2918.704 | G17: =SUM(D17-B17) -> -400 | H17: =SUM(E17-C17) -> 0 | I17: =+C17*2/12 -> 506.66667 | J17: 3400 | K17: 27100 | L17: =+E17+B17 -> 3440 | M17: =SUM(B17-J17) -> -3000 | N17: =SUM(E17-K17) -> -24060
A18: =+A17+1 -> 46281 | B18: 1500 | C18: 650 | D18: 0 | E18: 650 | F18: =+E18-(E18*3.99/100) -> 624.065 | G18: =SUM(D18-B18) -> -1500 | H18: =SUM(E18-C18) -> 0 | I18: =+C18*2/12 -> 108.33333 | J18: 450 | K18: 0 | L18: =+E18+B18 -> 2150 | M18: =SUM(B18-J18) -> 1050 | N18: =SUM(E18-K18) -> 650
A19: =+A18+1 -> 46282 | B19: 2600 | C19: 4080 | D19: 0 | E19: 4080 | F19: =+E19-(E19*3.99/100) -> 3917.208 | G19: =SUM(D19-B19) -> -2600 | H19: =SUM(E19-C19) -> 0 | I19: =+C19*2/12 -> 680 | J19: 0 | K19: 0 | L19: =+E19+B19 -> 6680 | M19: =SUM(B19-J19) -> 2600 | N19: =SUM(E19-K19) -> 4080
A20: =+A19+1 -> 46283 | B20: 0 | C20: 4020 | D20: 0 | E20: 4020 | F20: =+E20-(E20*3.99/100) -> 3859.602 | G20: =SUM(D20-B20) -> 0 | H20: =SUM(E20-C20) -> 0 | I20: =+C20*2/12 -> 670 | J20: 100 | K20: 0 | L20: =+E20+B20 -> 4020 | M20: =SUM(B20-J20) -> -100 | N20: =SUM(E20-K20) -> 4020
A21: =+A20+1 -> 46284 | B21: 1200 | C21: 4270 | D21: 0 | E21: 4270 | F21: =+E21-(E21*3.99/100) -> 4099.627 | G21: =SUM(D21-B21) -> -1200 | H21: =SUM(E21-C21) -> 0 | I21: =+C21*2/12 -> 711.66667 | J21: 0 | K21: 0 | L21: =+E21+B21 -> 5470 | M21: =SUM(B21-J21) -> 1200 | N21: =SUM(E21-K21) -> 4270 | R21: 5
A22: =+A21+1 -> 46285 | B22: 550 | C22: 2170 | D22: 0 | E22: 2170 | F22: =+E22-(E22*3.99/100) -> 2083.417 | G22: =SUM(D22-B22) -> -550 | H22: =SUM(E22-C22) -> 0 | I22: =+C22*2/12 -> 361.66667 | J22: 0 | K22: 0 | L22: =+E22+B22 -> 2720 | M22: =SUM(B22-J22) -> 550 | N22: =SUM(E22-K22) -> 2170
A23: =+A22+1 -> 46286 | B23: 300 | C23: 6000 | D23: 0 | E23: 6000 | F23: =+E23-(E23*3.99/100) -> 5760.6 | G23: =SUM(D23-B23) -> -300 | H23: =SUM(E23-C23) -> 0 | I23: =+C23*2/12 -> 1000 | J23: 1700 | K23: 100 | L23: =+E23+B23 -> 6300 | M23: =SUM(B23-J23) -> -1400 | N23: =SUM(E23-K23) -> 5900
A24: =+A23+1 -> 46287 | B24: 350 | C24: 7040 | D24: 0 | E24: 7040 | F24: =+E24-(E24*3.99/100) -> 6759.104 | G24: =SUM(D24-B24) -> -350 | H24: =SUM(E24-C24) -> 0 | I24: =+C24*2/12 -> 1173.3333 | J24: 0 | K24: 0 | L24: =+E24+B24 -> 7390 | M24: =SUM(B24-J24) -> 350 | N24: =SUM(E24-K24) -> 7040
A25: =+A24+1 -> 46288 | B25: 1200 | C25: 3200 | D25: 0 | E25: 3200 | F25: =+E25-(E25*3.99/100) -> 3072.32 | G25: =SUM(D25-B25) -> -1200 | H25: =SUM(E25-C25) -> 0 | I25: =+C25*2/12 -> 533.33333 | J25: 350 | K25: 16000 | L25: =+E25+B25 -> 4400 | M25: =SUM(B25-J25) -> 850 | N25: =SUM(E25-K25) -> -12800
A26: =+A25+1 -> 46289 | B26: 200 | C26: 70 | D26: 0 | E26: 70 | F26: =+E26-(E26*3.99/100) -> 67.207 | G26: =SUM(D26-B26) -> -200 | H26: =SUM(E26-C26) -> 0 | I26: =+C26*2/12 -> 11.666667 | J26: 4100 | K26: 29000 | L26: =+E26+B26 -> 270 | M26: =SUM(B26-J26) -> -3900 | N26: =SUM(E26-K26) -> -28930
A27: =+A26+1 -> 46290 | B27: 1000 | C27: 1830 | D27: 0 | E27: 1830 | F27: =+E27-(E27*3.99/100) -> 1756.983 | G27: =SUM(D27-B27) -> -1000 | H27: =SUM(E27-C27) -> 0 | I27: =+C27*2/12 -> 305 | J27: 0 | K27: 0 | L27: =+E27+B27 -> 2830 | M27: =SUM(B27-J27) -> 1000 | N27: =SUM(E27-K27) -> 1830
A28: =+A27+1 -> 46291 | B28: 2600 | C28: 3930 | D28: 0 | E28: 3930 | F28: =+E28-(E28*3.99/100) -> 3773.193 | G28: =SUM(D28-B28) -> -2600 | H28: =SUM(E28-C28) -> 0 | I28: =+C28*2/12 -> 655 | J28: 0 | K28: 0 | L28: =+E28+B28 -> 6530 | M28: =SUM(B28-J28) -> 2600 | N28: =SUM(E28-K28) -> 3930
A29: =+A28+1 -> 46292 | B29: 0 | C29: 0 | D29: 0 | E29: 0 | F29: =+E29-(E29*3.99/100) -> 0 | G29: =SUM(D29-B29) -> 0 | H29: =SUM(E29-C29) -> 0 | I29: =+C29*2/12 -> 0 | J29: 100 | K29: 0 | L29: =+E29+B29 -> 0 | M29: =SUM(B29-J29) -> -100 | N29: =SUM(E29-K29) -> 0
A30: =+A29+1 -> 46293 | B30: 1550 | C30: 4950 | D30: 0 | E30: 4950 | F30: =+E30-(E30*3.99/100) -> 4752.495 | G30: =SUM(D30-B30) -> -1550 | H30: =SUM(E30-C30) -> 0 | I30: =+C30*2/12 -> 825 | J30: 4800 | K30: 5500 | L30: =+E30+B30 -> 6500 | M30: =SUM(B30-J30) -> -3250 | N30: =SUM(E30-K30) -> -550
A31: =+A30+1 -> 46294 | B31: 1200 | C31: 2640 | D31: 0 | E31: 2640 | F31: =+E31-(E31*3.99/100) -> 2534.664 | G31: =SUM(D31-B31) -> -1200 | H31: =SUM(E31-C31) -> 0 | I31: =+C31*2/12 -> 440 | J31: 0 | K31: 0 | L31: =+E31+B31 -> 3840 | M31: =SUM(B31-J31) -> 1200 | N31: =SUM(E31-K31) -> 2640
A32: =+A31+1 -> 46295 | B32: 100 | C32: 1050 | D32: 0 | E32: 1050 | F32: =+E32-(E32*3.99/100) -> 1008.105 | G32: =SUM(D32-B32) -> -100 | H32: =SUM(E32-C32) -> 0 | I32: =+C32*2/12 -> 175 | J32: 250 | K32: 11820 | L32: =+E32+B32 -> 1150 | M32: =SUM(B32-J32) -> -150 | N32: =SUM(E32-K32) -> -10770
M33: =SUM(B33-J33) -> 0 | N33: =SUM(E33-K33) -> 0
A34: TOPLAM | B34: =SUM(B3:B33) -> 28640 | C34: =SUM(C3:C33) -> 89470 | D34: =SUM(D3:D33) -> 0 | E34: =SUM(E3:E33) -> 89470 | F34: =+E34-(E34*3.99/100) -> 85900.147 | G34: =SUM(G3:G32) -> -28640 | H34: =SUM(H3:H32) -> 0 | I34: =SUM(I3:I32) -> 14911.667 | J34: =SUM(J3:J33) -> 27890 | L34: =SUM(L3:L32) -> 118110 | M34: =SUM(M3:M32) -> -470 | N34: =SUM(N3:N32) -> -42190
E35: KESİNTİ | F35: =+E34-F34 -> 3569.853 | L35: =AVERAGE(L3:L32) -> 3937
H37: TOPLAM CİRO | J37: =SUM(L3:L32) -> 118110
H38: TOPLAM HARCAMA | J38: =SUM(+J34+K34) -> 27890
H39: TOPLAM CİRODAN KALAN | J39: =SUM(M34+N34) -> -42660

Sheet AĞUSTOS 2026
A2: SATIŞ | B2: NAKİT SATIŞ | C2: KREDİ SATIŞ | D2: Z RAPORU NAKİT | E2: Z RAPORU KREDİ | F2: YATACAK OLAN | G2: NAKİT FARK | H2: KREDİ FARK | I2: KDV | J2: NAKİT HARCAMA | K2: KREDİ HARCAMA | L2: CİRO | M2: CEP NAKİT | N2: CEP KREDİ
A3: 46235 | B3: 2200 | C3: 3790 | D3: 0 | E3: 3790 | F3: =+E3-(E3*3.99/100) -> 3638.779 | G3: =SUM(D3-B3) -> -2200 | H3: =SUM(E3-C3) -> 0 | I3: =+C3*2/12 -> 631.66667 | J3: 40 | K3: 60 | L3: =+E3+B3 -> 5990 | M3: =SUM(B3-J3) -> 2160 | N3: =SUM(E3-K3) -> 3730
A4: =+A3+1 -> 46236 | B4: 200 | C4: 4100 | D4: 0 | E4: 4100 | F4: =+E4-(E4*3.99/100) -> 3936.41 | G4: =SUM(D4-B4) -> -200 | H4: =SUM(E4-C4) -> 0 | I4: =+C4*2/12 -> 683.33333 | J4: 200 | K4: 700 | L4: =+E4+B4 -> 4300 | M4: =SUM(B4-J4) -> 0 | N4: =SUM(E4-K4) -> 3400
A5: =+A4+1 -> 46237 | B5: 0 | C5: 1350 | D5: 0 | E5: 1350 | F5: =+E5-(E5*3.99/100) -> 1296.135 | G5: =SUM(D5-B5) -> 0 | H5: =SUM(E5-C5) -> 0 | I5: =+C5*2/12 -> 225 | J5: 600 | K5: 0 | L5: =+E5+B5 -> 1350 | M5: =SUM(B5-J5) -> -600 | N5: =SUM(E5-K5) -> 1350
A6: =+A5+1 -> 46238 | B6: 200 | C6: 1570 | D6: 0 | E6: 1570 | F6: =+E6-(E6*3.99/100) -> 1507.357 | G6: =SUM(D6-B6) -> -200 | H6: =SUM(E6-C6) -> 0 | I6: =+C6*2/12 -> 261.66667 | J6: 350 | K6: 0 | L6: =+E6+B6 -> 1770 | M6: =SUM(B6-J6) -> -150 | N6: =SUM(E6-K6) -> 1570
A7: =+A6+1 -> 46239 | B7: 1600 | C7: 2810 | D7: 0 | E7: 2810 | F7: =+E7-(E7*3.99/100) -> 2697.881 | G7: =SUM(D7-B7) -> -1600 | H7: =SUM(E7-C7) -> 0 | I7: =+C7*2/12 -> 468.33333 | J7: 3000 | K7: 520 | L7: =+E7+B7 -> 4410 | M7: =SUM(B7-J7) -> -1400 | N7: =SUM(E7-K7) -> 2290
A8: =+A7+1 -> 46240 | B8: 1750 | C8: 3970 | D8: 0 | E8: 3970 | F8: =+E8-(E8*3.99/100) -> 3811.597 | G8: =SUM(D8-B8) -> -1750 | H8: =SUM(E8-C8) -> 0 | I8: =+C8*2/12 -> 661.66667 | J8: 155 | K8: 0 | L8: =+E8+B8 -> 5720 | M8: 0 | N8: =SUM(E8-K8) -> 3970
A9: =+A8+1 -> 46241 | B9: 950 | C9: 2030 | D9: 0 | E9: 2030 | F9: =+E9-(E9*3.99/100) -> 1949.003 | G9: =SUM(D9-B9) -> -950 | H9: =SUM(E9-C9) -> 0 | I9: =+C9*2/12 -> 338.33333 | J9: 0 | K9: 230 | L9: =+E9+B9 -> 2980 | M9: =SUM(B9-J9) -> 950 | N9: =SUM(E9-K9) -> 1800
A10: =+A9+1 -> 46242 | B10: 350 | C10: 2020 | D10: 0 | E10: 2020 | F10: =+E10-(E10*3.99/100) -> 1939.402 | G10: =SUM(D10-B10) -> -350 | H10: =SUM(E10-C10) -> 0 | I10: =+C10*2/12 -> 336.66667 | J10: 7500 | K10: 26910 | L10: =+E10+B10 -> 2370 | M10: =SUM(B10-J10) -> -7150 | N10: =SUM(E10-K10) -> -24890
A11: =+A10+1 -> 46243 | B11: 30 | C11: 2050 | D11: 0 | E11: 2050 | F11: =+E11-(E11*3.99/100) -> 1968.205 | G11: =SUM(D11-B11) -> -30 | H11: =SUM(E11-C11) -> 0 | I11: =+C11*2/12 -> 341.66667 | J11: 120 | K11: 0 | L11: =+E11+B11 -> 2080 | M11: =SUM(B11-J11) -> -90 | N11: =SUM(E11-K11) -> 2050
A12: =+A11+1 -> 46244 | B12: 2000 | C12: 1980 | D12: 0 | E12: 1980 | F12: =+E12-(E12*3.99/100) -> 1900.998 | G12: =SUM(D12-B12) -> -2000 | H12: =SUM(E12-C12) -> 0 | I12: =+C12*2/12 -> 330 | J12: 0 | K12: 0 | L12: =+E12+B12 -> 3980 | M12: =SUM(B12-J12) -> 2000 | N12: =SUM(E12-K12) -> 1980
A13: =+A12+1 -> 46245 | B13: 2220 | C13: 3110 | D13: 0 | E13: 3110 | F13: =+E13-(E13*3.99/100) -> 2985.911 | G13: =SUM(D13-B13) -> -2220 | H13: =SUM(E13-C13) -> 0 | I13: =+C13*2/12 -> 518.33333 | J13: 450 | K13: 0 | L13: =+E13+B13 -> 5330 | M13: =SUM(B13-J13) -> 1770 | N13: =SUM(E13-K13) -> 3110
A14: =+A13+1 -> 46246 | B14: 1650 | C14: 1420 | D14: 0 | E14: 1420 | F14: =+E14-(E14*3.99/100) -> 1363.342 | G14: =SUM(D14-B14) -> -1650 | H14: =SUM(E14-C14) -> 0 | I14: =+C14*2/12 -> 236.66667 | J14: 200 | K14: 0 | L14: =+E14+B14 -> 3070 | M14: =SUM(B14-J14) -> 1450 | N14: =SUM(E14-K14) -> 1420
A15: =+A14+1 -> 46247 | B15: 2385 | C15: 4310 | D15: 0 | E15: 4310 | F15: =+E15-(E15*3.99/100) -> 4138.031 | G15: =SUM(D15-B15) -> -2385 | H15: =SUM(E15-C15) -> 0 | I15: =+C15*2/12 -> 718.33333 | J15: 130 | K15: 0 | L15: =+E15+B15 -> 6695 | M15: =SUM(B15-J15) -> 2255 | N15: =SUM(E15-K15) -> 4310
A16: =+A15+1 -> 46248 | B16: 2820 | C16: 2750 | D16: 0 | E16: 2750 | F16: =+E16-(E16*3.99/100) -> 2640.275 | G16: =SUM(D16-B16) -> -2820 | H16: =SUM(E16-C16) -> 0 | I16: =+C16*2/12 -> 458.33333 | J16: 0 | K16: 830 | L16: =+E16+B16 -> 5570 | M16: =SUM(B16-J16) -> 2820 | N16: =SUM(E16-K16) -> 1920
A17: =+A16+1 -> 46249 | B17: 820 | C17: 2900 | D17: 0 | E17: 2900 | F17: =+E17-(E17*3.99/100) -> 2784.29 | G17: =SUM(D17-B17) -> -820 | H17: =SUM(E17-C17) -> 0 | I17: =+C17*2/12 -> 483.33333 | J17: 10100 | K17: 17650 | L17: =+E17+B17 -> 3720 | M17: =SUM(B17-J17) -> -9280 | N17: =SUM(E17-K17) -> -14750
A18: =+A17+1 -> 46250 | B18: 720 | C18: 2250 | D18: 0 | E18: 2250 | F18: =+E18-(E18*3.99/100) -> 2160.225 | G18: =SUM(D18-B18) -> -720 | H18: =SUM(E18-C18) -> 0 | I18: =+C18*2/12 -> 375 | J18: 0 | K18: 0 | L18: =+E18+B18 -> 2970 | M18: =SUM(B18-J18) -> 720 | N18: =SUM(E18-K18) -> 2250
A19: =+A18+1 -> 46251 | B19: 850 | C19: 1660 | D19: 0 | E19: 1660 | F19: =+E19-(E19*3.99/100) -> 1593.766 | G19: =SUM(D19-B19) -> -850 | H19: =SUM(E19-C19) -> 0 | I19: =+C19*2/12 -> 276.66667 | J19: 470 | K19: 0 | L19: =+E19+B19 -> 2510 | M19: =SUM(B19-J19) -> 380 | N19: =SUM(E19-K19) -> 1660
A20: =+A19+1 -> 46252 | B20: 400 | C20: 2300 | D20: 0 | E20: 2300 | F20: =+E20-(E20*3.99/100) -> 2208.23 | G20: =SUM(D20-B20) -> -400 | H20: =SUM(E20-C20) -> 0 | I20: =+C20*2/12 -> 383.33333 | J20: 125 | K20: 0 | L20: =+E20+B20 -> 2700 | M20: =SUM(B20-J20) -> 275 | N20: =SUM(E20-K20) -> 2300
A21: =+A20+1 -> 46253 | B21: 2450 | C21: 1970 | D21: 0 | E21: 1970 | F21: =+E21-(E21*3.99/100) -> 1891.397 | G21: =SUM(D21-B21) -> -2450 | H21: =SUM(E21-C21) -> 0 | I21: =+C21*2/12 -> 328.33333 | J21: 200 | K21: 1050 | L21: =+E21+B21 -> 4420 | M21: =SUM(B21-J21) -> 2250 | N21: =SUM(E21-K21) -> 920 | R21: 5
A22: =+A21+1 -> 46254 | B22: 750 | C22: 6250 | D22: 0 | E22: 6250 | F22: =+E22-(E22*3.99/100) -> 6000.625 | G22: =SUM(D22-B22) -> -750 | H22: =SUM(E22-C22) -> 0 | I22: =+C22*2/12 -> 1041.6667 | J22: 1700 | K22: 4810 | L22: =+E22+B22 -> 7000 | M22: =SUM(B22-J22) -> -950 | N22: =SUM(E22-K22) -> 1440
A23: =+A22+1 -> 46255 | B23: 0 | C23: 2815 | D23: 0 | E23: 2815 | F23: =+E23-(E23*3.99/100) -> 2702.6815 | G23: =SUM(D23-B23) -> 0 | H23: =SUM(E23-C23) -> 0 | I23: =+C23*2/12 -> 469.16667 | J23: 100 | K23: 0 | L23: =+E23+B23 -> 2815 | M23: =SUM(B23-J23) -> -100 | N23: =SUM(E23-K23) -> 2815
A24: =+A23+1 -> 46256 | B24: 3145 | C24: 10090 | D24: 0 | E24: 10090 | F24: =+E24-(E24*3.99/100) -> 9687.409 | G24: =SUM(D24-B24) -> -3145 | H24: =SUM(E24-C24) -> 0 | I24: =+C24*2/12 -> 1681.6667 | J24: 0 | K24: 0 | L24: =+E24+B24 -> 13235 | M24: =SUM(B24-J24) -> 3145 | N24: =SUM(E24-K24) -> 10090
A25: =+A24+1 -> 46257 | B25: 1550 | C25: 0 | D25: 0 | E25: 0 | F25: =+E25-(E25*3.99/100) -> 0 | G25: =SUM(D25-B25) -> -1550 | H25: =SUM(E25-C25) -> 0 | I25: =+C25*2/12 -> 0 | J25: 0 | K25: 115 | L25: =+E25+B25 -> 1550 | M25: =SUM(B25-J25) -> 1550 | N25: =SUM(E25-K25) -> -115
A26: =+A25+1 -> 46258 | B26: 100 | C26: 6040 | D26: 0 | E26: 6040 | F26: =+E26-(E26*3.99/100) -> 5799.004 | G26: =SUM(D26-B26) -> -100 | H26: =SUM(E26-C26) -> 0 | I26: =+C26*2/12 -> 1006.6667 | J26: 550 | K26: 3200 | L26: =+E26+B26 -> 6140 | M26: =SUM(B26-J26) -> -450 | N26: =SUM(E26-K26) -> 2840
A27: =+A26+1 -> 46259 | B27: 0 | C27: 840 | D27: 0 | E27: 840 | F27: =+E27-(E27*3.99/100) -> 806.484 | G27: =SUM(D27-B27) -> 0 | H27: =SUM(E27-C27) -> 0 | I27: =+C27*2/12 -> 140 | J27: 0 | K27: 0 | L27: =+E27+B27 -> 840 | M27: =SUM(B27-J27) -> 0 | N27: =SUM(E27-K27) -> 840
A28: =+A27+1 -> 46260 | B28: 400 | C28: 3890 | D28: 0 | E28: 3890 | F28: =+E28-(E28*3.99/100) -> 3734.789 | G28: =SUM(D28-B28) -> -400 | H28: =SUM(E28-C28) -> 0 | I28: =+C28*2/12 -> 648.33333 | J28: 1700 | K28: 0 | L28: =+E28+B28 -> 4290 | M28: =SUM(B28-J28) -> -1300 | N28: =SUM(E28-K28) -> 3890
A29: =+A28+1 -> 46261 | B29: 850 | C29: 4340 | D29: 0 | E29: 4340 | F29: =+E29-(E29*3.99/100) -> 4166.834 | G29: =SUM(D29-B29) -> -850 | H29: =SUM(E29-C29) -> 0 | I29: =+C29*2/12 -> 723.33333 | J29: 580 | K29: 0 | L29: =+E29+B29 -> 5190 | M29: =SUM(B29-J29) -> 270 | N29: =SUM(E29-K29) -> 4340
A30: =+A29+1 -> 46262 | B30: 1530 | C30: 2890 | D30: 0 | E30: 2890 | F30: =+E30-(E30*3.99/100) -> 2774.689 | G30: =SUM(D30-B30) -> -1530 | H30: =SUM(E30-C30) -> 0 | I30: =+C30*2/12 -> 481.66667 | J30: 100 | K30: 31365 | L30: =+E30+B30 -> 4420 | M30: =SUM(B30-J30) -> 1430 | N30: =SUM(E30-K30) -> -28475
A31: =+A30+1 -> 46263 | B31: 4300 | C31: 4550 | D31: 0 | E31: 4500 | F31: =+E31-(E31*3.99/100) -> 4320.45 | G31: =SUM(D31-B31) -> -4300 | H31: =SUM(E31-C31) -> -50 | I31: =+C31*2/12 -> 758.33333 | J31: 390 | K31: 0 | L31: =+E31+B31 -> 8800 | M31: =SUM(B31-J31) -> 3910 | N31: =SUM(E31-K31) -> 4500
A32: =+A31+1 -> 46264 | B32: 0 | C32: 2540 | D32: 0 | E32: 2540 | F32: =+E32-(E32*3.99/100) -> 2438.654 | G32: =SUM(D32-B32) -> 0 | H32: =SUM(E32-C32) -> 0 | I32: =+C32*2/12 -> 423.33333 | J32: 795 | K32: 0 | L32: =+E32+B32 -> 2540 | M32: =SUM(B32-J32) -> -795 | N32: =SUM(E32-K32) -> 2540
A33: 31 Temmuz 2026 Cuma | B33: 800 | C33: 4000 | D33: 0 | E33: 4000 | F33: =+E33-(E33*3.99/100) -> 3840.4 | G33: =SUM(D33-B33) -> -800 | H33: =SUM(E33-C33) -> 0 | I33: =+C33*2/12 -> 666.66667 | J33: 700 | K33: 0 | L33: =+E33+B33 -> 4800 | M33: =SUM(B33-J33) -> 100 | N33: =SUM(E33-K33) -> 4000
A34: TOPLAM | B34: =SUM(B3:B33) -> 37020 | C34: =SUM(C3:C33) -> 96585 | D34: =SUM(D3:D33) -> 0 | E34: =SUM(E3:E33) -> 96535 | F34: =+E34-(E34*3.99/100) -> 92683.254 | G34: =SUM(G3:G33) -> -37020 | H34: =SUM(H3:H32) -> -50 | I34: =SUM(I3:I33) -> 16097.5 | J34: =SUM(J3:J33) -> 30255 | L34: =SUM(L3:L32) -> 128755 | M34: =SUM(M3:M32) -> 5070 | N34: =SUM(N3:N32) -> 5095
E35: KESİNTİ | F35: =+E34-F34 -> 3851.7465 | L35: =AVERAGE(L3:L32) -> 4291.8333
H37: TOPLAM CİRO | J37: =SUM(L3:L32) -> 128755
H38: TOPLAM HARCAMA | J38: =SUM(+J34+K34) -> 30255
H39: TOPLAM CİRODAN KALAN | J39: =SUM(M34+N34) -> 10165

Sheet TEMMUZ 2026
A2: SATIŞ | B2: NAKİT SATIŞ | C2: KREDİ SATIŞ | D2: Z RAPORU NAKİT | E2: Z RAPORU KREDİ | F2: YATACAK OLAN | G2: NAKİT FARK | H2: KREDİ FARK | I2: KDV | J2: NAKİT HARCAMA | K2: KREDİ HARCAMA | L2: CİRO | M2: CEP NAKİT | N2: CEP KREDİ
A3: 46204 | B3: 500 | C3: 5340 | D3: 0 | E3: 5340 | F3: =+E3-(E3*3.99/100) -> 5126.934 | G3: =SUM(D3-B3) -> -500 | H3: =SUM(E3-C3) -> 0 | I3: 915 | J3: 0 | K3: 0 | L3: =+E3+B3 -> 5840 | M3: =SUM(B3-J3) -> 500 | N3: =SUM(E3-K3) -> 5340
A4: =+A3+1 -> 46205 | B4: 200 | C4: 7760 | D4: 0 | E4: 7760 | F4: =+E4-(E4*3.99/100) -> 7450.376 | G4: =SUM(D4-B4) -> -200 | H4: =SUM(E4-C4) -> 0 | I4: 1153.34 | J4: 0 | K4: 330 | L4: =+E4+B4 -> 7960 | M4: =SUM(B4-J4) -> 200 | N4: =SUM(E4-K4) -> 7430
A5: =+A4+1 -> 46206 | B5: 600 | C5: 2340 | D5: 0 | E5: 2340 | F5: =+E5-(E5*3.99/100) -> 2246.634 | G5: =SUM(D5-B5) -> -600 | H5: =SUM(E5-C5) -> 0 | I5: 391.68 | J5: 200 | K5: 0 | L5: =+E5+B5 -> 2940 | M5: =SUM(B5-J5) -> 400 | N5: =SUM(E5-K5) -> 2340
A6: =+A5+1 -> 46207 | B6: 1400 | C6: 4400 | D6: 0 | E6: 4400 | F6: =+E6-(E6*3.99/100) -> 4224.44 | G6: =SUM(D6-B6) -> -1400 | H6: =SUM(E6-C6) -> 0 | I6: 778.34 | J6: 0 | K6: 190 | L6: =+E6+B6 -> 5800 | M6: =SUM(B6-J6) -> 1400 | N6: =SUM(E6-K6) -> 4210
A7: =+A6+1 -> 46208 | B7: 4020 | C7: 1640 | D7: 0 | E7: 1640 | F7: =+E7-(E7*3.99/100) -> 1574.564 | G7: =SUM(D7-B7) -> -4020 | H7: =SUM(E7-C7) -> 0 | I7: 298.33 | J7: 750 | K7: 1510 | L7: =+E7+B7 -> 5660 | M7: =SUM(B7-J7) -> 3270 | N7: =SUM(E7-K7) -> 130
A8: =+A7+1 -> 46209 | B8: 500 | C8: 8740 | D8: 0 | E8: 8740 | F8: =+E8-(E8*3.99/100) -> 8391.274 | G8: =SUM(D8-B8) -> -500 | H8: =SUM(E8-C8) -> 0 | I8: 1390.01 | J8: 0 | K8: 0 | L8: =+E8+B8 -> 9240 | M8: 0 | N8: =SUM(E8-K8) -> 8740
A9: =+A8+1 -> 46210 | B9: 720 | C9: 2720 | D9: 0 | E9: 2720 | F9: =+E9-(E9*3.99/100) -> 2611.472 | G9: =SUM(D9-B9) -> -720 | H9: =SUM(E9-C9) -> 0 | I9: 453.33 | J9: 3225 | K9: 0 | L9: =+E9+B9 -> 3440 | M9: =SUM(B9-J9) -> -2505 | N9: =SUM(E9-K9) -> 2720
A10: =+A9+1 -> 46211 | B10: 500 | C10: 4520 | D10: 0 | E10: 4520 | F10: =+E10-(E10*3.99/100) -> 4339.652 | G10: =SUM(D10-B10) -> -500 | H10: =SUM(E10-C10) -> 0 | I10: 753.34 | J10: 7500 | K10: 41400 | L10: =+E10+B10 -> 5020 | M10: =SUM(B10-J10) -> -7000 | N10: =SUM(E10-K10) -> -36880
A11: =+A10+1 -> 46212 | B11: 680 | C11: 4300 | D11: 0 | E11: 4300 | F11: =+E11-(E11*3.99/100) -> 4128.43 | G11: =SUM(D11-B11) -> -680 | H11: =SUM(E11-C11) -> 0 | I11: 716.67 | J11: 215 | K11: 0 | L11: =+E11+B11 -> 4980 | M11: =SUM(B11-J11) -> 465 | N11: =SUM(E11-K11) -> 4300
A12: =+A11+1 -> 46213 | B12: 0 | C12: 3645 | D12: 0 | E12: 3645 | F12: =+E12-(E12*3.99/100) -> 3499.5645 | G12: =SUM(D12-B12) -> 0 | H12: =SUM(E12-C12) -> 0 | I12: 607.51 | J12: 0 | K12: 85 | L12: =+E12+B12 -> 3645 | M12: =SUM(B12-J12) -> 0 | N12: =SUM(E12-K12) -> 3560
A13: =+A12+1 -> 46214 | B13: 200 | C13: 4270 | D13: 0 | E13: 4270 | F13: =+E13-(E13*3.99/100) -> 4099.627 | G13: =SUM(D13-B13) -> -200 | H13: =SUM(E13-C13) -> 0 | I13: 711.67 | J13: 1000 | K13: 377 | L13: =+E13+B13 -> 4470 | M13: =SUM(B13-J13) -> -800 | N13: =SUM(E13-K13) -> 3893
A14: =+A13+1 -> 46215 | B14: 370 | C14: 3400 | D14: 0 | E14: 3400 | F14: =+E14-(E14*3.99/100) -> 3264.34 | G14: =SUM(D14-B14) -> -370 | H14: =SUM(E14-C14) -> 0 | I14: 566.67 | J14: 0 | K14: 0 | L14: =+E14+B14 -> 3770 | M14: =SUM(B14-J14) -> 370 | N14: =SUM(E14-K14) -> 3400
A15: =+A14+1 -> 46216 | B15: 2400 | C15: 6330 | D15: 0 | E15: 6330 | F15: =+E15-(E15*3.99/100) -> 6077.433 | G15: =SUM(D15-B15) -> -2400 | H15: =SUM(E15-C15) -> 0 | I15: 1113.33 | J15: 0 | K15: 620 | L15: =+E15+B15 -> 8730 | M15: =SUM(B15-J15) -> 2400 | N15: =SUM(E15-K15) -> 5710
A16: =+A15+1 -> 46217 | B16: 400 | C16: 900 | D16: 0 | E16: 900 | F16: =+E16-(E16*3.99/100) -> 864.09 | G16: =SUM(D16-B16) -> -400 | H16: =SUM(E16-C16) -> 0 | I16: 150 | J16: 350 | K16: 0 | L16: =+E16+B16 -> 1300 | M16: =SUM(B16-J16) -> 50 | N16: =SUM(E16-K16) -> 900
A17: =+A16+1 -> 46218 | B17: 2800 | C17: 2120 | D17: 0 | E17: 2120 | F17: =+E17-(E17*3.99/100) -> 2035.412 | G17: =SUM(D17-B17) -> -2800 | H17: =SUM(E17-C17) -> 0 | I17: 353.33 | J17: 0 | K17: 0 | L17: =+E17+B17 -> 4920 | M17: =SUM(B17-J17) -> 2800 | N17: =SUM(E17-K17) -> 2120
A18: =+A17+1 -> 46219 | B18: 2250 | C18: 6020 | D18: 0 | E18: 6020 | F18: =+E18-(E18*3.99/100) -> 5779.802 | G18: =SUM(D18-B18) -> -2250 | H18: =SUM(E18-C18) -> 0 | I18: 978.32 | J18: 0 | K18: 0 | L18: =+E18+B18 -> 8270 | M18: =SUM(B18-J18) -> 2250 | N18: =SUM(E18-K18) -> 6020
A19: =+A18+1 -> 46220 | B19: 1500 | C19: 3010 | D19: 0 | E19: 3010 | F19: =+E19-(E19*3.99/100) -> 2889.901 | G19: =SUM(D19-B19) -> -1500 | H19: =SUM(E19-C19) -> 0 | I19: 501.68 | J19: 510 | K19: 0 | L19: =+E19+B19 -> 4510 | M19: =SUM(B19-J19) -> 990 | N19: =SUM(E19-K19) -> 3010
A20: =+A19+1 -> 46221 | B20: 240 | C20: 4510 | D20: 0 | E20: 4510 | F20: =+E20-(E20*3.99/100) -> 4330.051 | G20: =SUM(D20-B20) -> -240 | H20: =SUM(E20-C20) -> 0 | I20: 751.66 | J20: 8300 | K20: 36200 | L20: =+E20+B20 -> 4750 | M20: =SUM(B20-J20) -> -8060 | N20: =SUM(E20-K20) -> -31690
A21: =+A20+1 -> 46222 | B21: 0 | C21: 700 | D21: 0 | E21: 700 | F21: =+E21-(E21*3.99/100) -> 672.07 | G21: =SUM(D21-B21) -> 0 | H21: =SUM(E21-C21) -> 0 | I21: 116.66 | J21: 0 | K21: 0 | L21: =+E21+B21 -> 700 | M21: =SUM(B21-J21) -> 0 | N21: =SUM(E21-K21) -> 700 | R21: 5
A22: =+A21+1 -> 46223 | B22: 900 | C22: 870 | D22: 0 | E22: 870 | F22: =+E22-(E22*3.99/100) -> 835.287 | G22: =SUM(D22-B22) -> -900 | H22: =SUM(E22-C22) -> 0 | I22: 145 | J22: 200 | K22: 3200 | L22: =+E22+B22 -> 1770 | M22: =SUM(B22-J22) -> 700 | N22: =SUM(E22-K22) -> -2330
A23: =+A22+1 -> 46224 | B23: 900 | C23: 2950 | D23: 0 | E23: 2950 | F23: =+E23-(E23*3.99/100) -> 2832.295 | G23: =SUM(D23-B23) -> -900 | H23: =SUM(E23-C23) -> 0 | I23: 481.66 | J23: 300 | K23: 2140 | L23: =+E23+B23 -> 3850 | M23: =SUM(B23-J23) -> 600 | N23: =SUM(E23-K23) -> 810
A24: =+A23+1 -> 46225 | B24: 200 | C24: 3680 | D24: 0 | E24: 3680 | F24: =+E24-(E24*3.99/100) -> 3533.168 | G24: =SUM(D24-B24) -> -200 | H24: =SUM(E24-C24) -> 0 | I24: 613.33 | J24: 120 | K24: 0 | L24: =+E24+B24 -> 3880 | M24: =SUM(B24-J24) -> 80 | N24: =SUM(E24-K24) -> 3680
A25: =+A24+1 -> 46226 | B25: 950 | C25: 6240 | D25: 0 | E25: 6240 | F25: =+E25-(E25*3.99/100) -> 5991.024 | G25: =SUM(D25-B25) -> -950 | H25: =SUM(E25-C25) -> 0 | I25: 1040 | J25: 350 | K25: 0 | L25: =+E25+B25 -> 7190 | M25: =SUM(B25-J25) -> 600 | N25: =SUM(E25-K25) -> 6240
A26: =+A25+1 -> 46227 | B26: 2400 | C26: 3220 | D26: 0 | E26: 3220 | F26: =+E26-(E26*3.99/100) -> 3091.522 | G26: =SUM(D26-B26) -> -2400 | H26: =SUM(E26-C26) -> 0 | I26: 511.67 | J26: 0 | K26: 2970 | L26: =+E26+B26 -> 5620 | M26: =SUM(B26-J26) -> 2400 | N26: =SUM(E26-K26) -> 250
A27: =+A26+1 -> 46228 | B27: 1890 | C27: 3550 | D27: 0 | E27: 3550 | F27: =+E27-(E27*3.99/100) -> 3408.355 | G27: =SUM(D27-B27) -> -1890 | H27: =SUM(E27-C27) -> 0 | I27: 591.67 | J27: 315 | K27: 0 | L27: =+E27+B27 -> 5440 | M27: =SUM(B27-J27) -> 1575 | N27: =SUM(E27-K27) -> 3550
A28: =+A27+1 -> 46229 | B28: 0 | C28: 530 | D28: 0 | E28: 530 | F28: =+E28-(E28*3.99/100) -> 508.853 | G28: =SUM(D28-B28) -> 0 | H28: =SUM(E28-C28) -> 0 | I28: 88.33 | J28: 1395 | K28: 0 | L28: =+E28+B28 -> 530 | M28: =SUM(B28-J28) -> -1395 | N28: =SUM(E28-K28) -> 530
A29: =+A28+1 -> 46230 | B29: 1300 | C29: 2500 | D29: 0 | E29: 2500 | F29: =+E29-(E29*3.99/100) -> 2400.25 | G29: =SUM(D29-B29) -> -1300 | H29: =SUM(E29-C29) -> 0 | I29: 416.66 | J29: 3720 | K29: 18400 | L29: =+E29+B29 -> 3800 | M29: =SUM(B29-J29) -> -2420 | N29: =SUM(E29-K29) -> -15900
A30: =+A29+1 -> 46231 | B30: 1715 | C30: 4530 | D30: 0 | E30: 4530 | F30: =+E30-(E30*3.99/100) -> 4349.253 | G30: =SUM(D30-B30) -> -1715 | H30: =SUM(E30-C30) -> 0 | I30: 688.34 | J30: 200 | K30: 0 | L30: =+E30+B30 -> 6245 | M30: =SUM(B30-J30) -> 1515 | N30: =SUM(E30-K30) -> 4530
A31: =+A30+1 -> 46232 | B31: 760 | C31: 6510 | D31: 0 | E31: 6510 | F31: =+E31-(E31*3.99/100) -> 6250.251 | G31: =SUM(D31-B31) -> -760 | H31: =SUM(E31-C31) -> 0 | I31: 1110 | J31: 0 | K31: 7000 | L31: =+E31+B31 -> 7270 | M31: =SUM(B31-J31) -> 760 | N31: =SUM(E31-K31) -> -490
A32: =+A31+1 -> 46233 | B32: 1200 | C32: 1950 | D32: 0 | E32: 1950 | F32: =+E32-(E32*3.99/100) -> 1872.195 | G32: =SUM(D32-B32) -> -1200 | H32: =SUM(E32-C32) -> 0 | I32: 325.01 | J32: 0 | K32: 0 | L32: =+E32+B32 -> 3150 | M32: =SUM(B32-J32) -> 1200 | N32: =SUM(E32-K32) -> 1950
A33: 31 Temmuz 2026 Cuma | B33: 1000 | C33: 5150 | D33: 0 | E33: 5150 | F33: =+E33-(E33*3.99/100) -> 4944.515 | G33: =SUM(D33-B33) -> -1000 | H33: =SUM(E33-C33) -> 0 | I33: 625 | J33: 50 | K33: 60 | L33: =+E33+B33 -> 6150 | M33: =SUM(B33-J33) -> 950 | N33: =SUM(E33-K33) -> 5090
A34: TOPLAM | B34: =SUM(B3:B33) -> 32495 | C34: =SUM(C3:C33) -> 118345 | D34: =SUM(D3:D33) -> 0 | E34: =SUM(E3:E33) -> 118345 | F34: =+E34-(E34*3.99/100) -> 113623.03 | G34: =SUM(G3:G32) -> -31495 | H34: =SUM(H3:H32) -> 0 | I34: =SUM(I3:I33) -> 19337.54 | J34: =SUM(J3:J33) -> 28700 | K34: =SUM(K3:K33) -> 114482 | L34: =SUM(L3:L32) -> 144690 | M34: =SUM(M3:M32) -> 2345 | N34: =SUM(N3:N32) -> -1227
E35: KESİNTİ | F35: =+E34-F34 -> 4721.9655 | L35: =AVERAGE(L3:L32) -> 4823
H37: TOPLAM CİRO | J37: =SUM(L3:L32) -> 144690
H38: TOPLAM HARCAMA | J38: =SUM(+J34+K34) -> 143182
H39: TOPLAM CİRODAN KALAN | J39: =SUM(M34+N34) -> 1118

Sheet HAZİRAN 2026
A2: SATIŞ | B2: NAKİT SATIŞ | C2: KREDİ SATIŞ | D2: Z RAPORU NAKİT | E2: Z RAPORU KREDİ | F2: YATACAK OLAN | G2: NAKİT FARK | H2: KREDİ FARK | I2: KDV | J2: NAKİT HARCAMA | K2: KREDİ HARCAMA | L2: CİRO | M2: CEP NAKİT | N2: CEP KREDİ
A3: 46174 | B3: 700 | C3: =400+2050 -> 2450 | D3: 0 | E3: 2050 | F3: =+E3-(E3*3.99/100) -> 1968.205 | G3: =SUM(D3-B3) -> -700 | H3: =SUM(E3-C3) -> -400 | I3: 341.66 | J3: 350 | K3: 0 | L3: =+E3+B3 -> 2750 | M3: =SUM(B3-J3) -> 350 | N3: =SUM(E3-K3) -> 2050
A4: =+A3+1 -> 46175 | B4: 2370 | C4: =5440+1650 -> 7090 | D4: 0 | E4: =1650+5440 -> 7090 | F4: =+E4-(E4*3.99/100) -> 6807.109 | G4: =SUM(D4-B4) -> -2370 | H4: =SUM(E4-C4) -> 0 | I4: =631.67+275 -> 906.67 | J4: 0 | K4: 0 | L4: =+E4+B4 -> 9460 | M4: =SUM(B4-J4) -> 2370 | N4: =SUM(E4-K4) -> 7090
A5: =+A4+1 -> 46176 | B5: 745 | C5: 1300 | D5: 0 | E5: 1300 | F5: =+E5-(E5*3.99/100) -> 1248.13 | G5: =SUM(D5-B5) -> -745 | H5: =SUM(E5-C5) -> 0 | I5: 216.67 | J5: 0 | K5: 0 | L5: =+E5+B5 -> 2045 | M5: =SUM(B5-J5) -> 745 | N5: =SUM(E5-K5) -> 1300
A6: =+A5+1 -> 46177 | B6: 500 | C6: 1900 | D6: 0 | E6: 1900 | F6: =+E6-(E6*3.99/100) -> 1824.19 | G6: =SUM(D6-B6) -> -500 | H6: =SUM(E6-C6) -> 0 | I6: 316.66 | J6: 145 | K6: 0 | L6: =+E6+B6 -> 2400 | M6: =SUM(B6-J6) -> 355 | N6: =SUM(E6-K6) -> 1900
A7: =+A6+1 -> 46178 | B7: 2400 | C7: 7440 | D7: 275 | E7: =7190+250 -> 7440 | F7: =+E7-(E7*3.99/100) -> 7143.144 | G7: =SUM(D7-B7) -> -2125 | H7: =SUM(E7-C7) -> 0 | I7: 1285.82 | J7: 0 | K7: 1505 | L7: =+E7+B7 -> 9840 | M7: =SUM(B7-J7) -> 2400 | N7: =SUM(E7-K7) -> 5935
A8: =+A7+1 -> 46179 | B8: 650 | C8: 6070 | D8: 0 | E8: 6070 | F8: =+E8-(E8*3.99/100) -> 5827.807 | G8: =SUM(D8-B8) -> -650 | H8: =SUM(E8-C8) -> 0 | I8: 1011.67 | J8: 3450 | K8: 0 | L8: =+E8+B8 -> 6720 | M8: 0 | N8: =SUM(E8-K8) -> 6070
A9: =+A8+1 -> 46180 | B9: 0 | C9: 360 | D9: 0 | E9: 360 | F9: =+E9-(E9*3.99/100) -> 345.636 | G9: =SUM(D9-B9) -> 0 | H9: =SUM(E9-C9) -> 0 | I9: 60 | J9: 0 | K9: 0 | L9: =+E9+B9 -> 360 | M9: =SUM(B9-J9) -> 0 | N9: =SUM(E9-K9) -> 360
A10: =+A9+1 -> 46181 | B10: 1800 | C10: 550 | D10: 0 | E10: 550 | F10: =+E10-(E10*3.99/100) -> 528.055 | G10: =SUM(D10-B10) -> -1800 | H10: =SUM(E10-C10) -> 0 | I10: 91.67 | J10: 0 | K10: 0 | L10: =+E10+B10 -> 2350 | M10: =SUM(B10-J10) -> 1800 | N10: =SUM(E10-K10) -> 550
A11: =+A10+1 -> 46182 | B11: 750 | C11: 3450 | D11: 0 | E11: 3450 | F11: =+E11-(E11*3.99/100) -> 3312.345 | G11: =SUM(D11-B11) -> -750 | H11: =SUM(E11-C11) -> 0 | I11: 574.99 | J11: 10100 | K11: 33860 | L11: =+E11+B11 -> 4200 | M11: =SUM(B11-J11) -> -9350 | N11: =SUM(E11-K11) -> -30410
A12: =+A11+1 -> 46183 | B12: 3820 | C12: 6790 | D12: 0 | E12: 6790 | F12: =+E12-(E12*3.99/100) -> 6519.079 | G12: =SUM(D12-B12) -> -3820 | H12: =SUM(E12-C12) -> 0 | I12: 1131.66 | J12: 350 | K12: 1700 | L12: =+E12+B12 -> 10610 | M12: =SUM(B12-J12) -> 3470 | N12: =SUM(E12-K12) -> 5090
A13: =+A12+1 -> 46184 | B13: 3470 | C13: =350+4100 -> 4450 | D13: 370 | E13: 4100 | F13: =+E13-(E13*3.99/100) -> 3936.41 | G13: =SUM(D13-B13) -> -3100 | H13: =SUM(E13-C13) -> -350 | I13: 745.01 | J13: 0 | K13: 0 | L13: =+E13+B13 -> 7570 | M13: =SUM(B13-J13) -> 3470 | N13: =SUM(E13-K13) -> 4100
A14: =+A13+1 -> 46185 | B14: 1490 | C14: =2950+920 -> 3870 | D14: 0 | E14: 920 | F14: =+E14-(E14*3.99/100) -> 883.292 | G14: =SUM(D14-B14) -> -1490 | H14: =SUM(E14-C14) -> -2950 | I14: 153.33 | J14: 70 | K14: 0 | L14: =+E14+B14 -> 2410 | M14: =SUM(B14-J14) -> 1420 | N14: =SUM(E14-K14) -> 920
A15: =+A14+1 -> 46186 | B15: 750 | C15: 3640 | D15: 0 | E15: 3640 | F15: =+E15-(E15*3.99/100) -> 3494.764 | G15: =SUM(D15-B15) -> -750 | H15: =SUM(E15-C15) -> 0 | I15: 620 | J15: 0 | K15: 550 | L15: =+E15+B15 -> 4390 | M15: =SUM(B15-J15) -> 750 | N15: =SUM(E15-K15) -> 3090
A16: =+A15+1 -> 46187 | B16: 600 | C16: 1220 | D16: 0 | E16: 1220 | F16: =+E16-(E16*3.99/100) -> 1171.322 | G16: =SUM(D16-B16) -> -600 | H16: =SUM(E16-C16) -> 0 | I16: 203.34 | J16: 200 | K16: 0 | L16: =+E16+B16 -> 1820 | M16: =SUM(B16-J16) -> 400 | N16: =SUM(E16-K16) -> 1220
A17: =+A16+1 -> 46188 | B17: 1200 | C17: 2330 | D17: 0 | E17: 2330 | F17: =+E17-(E17*3.99/100) -> 2237.033 | G17: =SUM(D17-B17) -> -1200 | H17: =SUM(E17-C17) -> 0 | I17: 401.66 | J17: 7350 | K17: 20995 | L17: =+E17+B17 -> 3530 | M17: =SUM(B17-J17) -> -6150 | N17: =SUM(E17-K17) -> -18665
A18: =+A17+1 -> 46189 | B18: 100 | C18: 1850 | D18: 0 | E18: 1850 | F18: =+E18-(E18*3.99/100) -> 1776.185 | G18: =SUM(D18-B18) -> -100 | H18: =SUM(E18-C18) -> 0 | I18: 283.33 | J18: 135 | K18: 0 | L18: =+E18+B18 -> 1950 | M18: =SUM(B18-J18) -> -35 | N18: =SUM(E18-K18) -> 1850
A19: =+A18+1 -> 46190 | B19: 1300 | C19: 3630 | D19: 0 | E19: 3630 | F19: =+E19-(E19*3.99/100) -> 3485.163 | G19: =SUM(D19-B19) -> -1300 | H19: =SUM(E19-C19) -> 0 | I19: 604.99 | J19: 100 | K19: 0 | L19: =+E19+B19 -> 4930 | M19: =SUM(B19-J19) -> 1200 | N19: =SUM(E19-K19) -> 3630
A20: =+A19+1 -> 46191 | B20: 160 | C20: 3270 | D20: 0 | E20: 3270 | F20: =+E20-(E20*3.99/100) -> 3139.527 | G20: =SUM(D20-B20) -> -160 | H20: =SUM(E20-C20) -> 0 | I20: 545.01 | J20: 3500 | K20: 7755 | L20: =+E20+B20 -> 3430 | M20: =SUM(B20-J20) -> -3340 | N20: =SUM(E20-K20) -> -4485
A21: =+A20+1 -> 46192 | B21: 2500 | C21: 2940 | D21: 0 | E21: 2940 | F21: =+E21-(E21*3.99/100) -> 2822.694 | G21: =SUM(D21-B21) -> -2500 | H21: =SUM(E21-C21) -> 0 | I21: 520 | J21: 0 | K21: 970 | L21: =+E21+B21 -> 5440 | M21: =SUM(B21-J21) -> 2500 | N21: =SUM(E21-K21) -> 1970 | R21: 5
A22: =+A21+1 -> 46193 | B22: 600 | C22: 6470 | D22: 0 | E22: 6470 | F22: =+E22-(E22*3.99/100) -> 6211.847 | G22: =SUM(D22-B22) -> -600 | H22: =SUM(E22-C22) -> 0 | I22: 978.34 | J22: 950 | K22: 4900 | L22: =+E22+B22 -> 7070 | M22: =SUM(B22-J22) -> -350 | N22: =SUM(E22-K22) -> 1570
A23: =+A22+1 -> 46194 | B23: 500 | C23: 4240 | D23: 0 | E23: 4240 | F23: =+E23-(E23*3.99/100) -> 4070.824 | G23: =SUM(D23-B23) -> -500 | H23: =SUM(E23-C23) -> 0 | I23: 706.67 | J23: 0 | K23: 0 | L23: =+E23+B23 -> 4740 | M23: =SUM(B23-J23) -> 500 | N23: =SUM(E23-K23) -> 4240
A24: =+A23+1 -> 46195 | B24: 890 | C24: 2520 | D24: 0 | E24: 2520 | F24: =+E24-(E24*3.99/100) -> 2419.452 | G24: =SUM(D24-B24) -> -890 | H24: =SUM(E24-C24) -> 0 | I24: 420 | J24: 2300 | K24: 10690 | L24: =+E24+B24 -> 3410 | M24: =SUM(B24-J24) -> -1410 | N24: =SUM(E24-K24) -> -8170
A25: =+A24+1 -> 46196 | B25: 700 | C25: 1600 | D25: 0 | E25: 1600 | F25: =+E25-(E25*3.99/100) -> 1536.16 | G25: =SUM(D25-B25) -> -700 | H25: =SUM(E25-C25) -> 0 | I25: 266.66 | J25: 400 | K25: 920 | L25: =+E25+B25 -> 2300 | M25: =SUM(B25-J25) -> 300 | N25: =SUM(E25-K25) -> 680
A26: =+A25+1 -> 46197 | B26: 0 | C26: 1530 | D26: 0 | E26: 1530 | F26: =+E26-(E26*3.99/100) -> 1468.953 | G26: =SUM(D26-B26) -> 0 | H26: =SUM(E26-C26) -> 0 | I26: 255 | J26: 100 | K26: 0 | L26: =+E26+B26 -> 1530 | M26: =SUM(B26-J26) -> -100 | N26: =SUM(E26-K26) -> 1530
A27: =+A26+1 -> 46198 | B27: 950 | C27: 5845 | D27: 0 | E27: 5845 | F27: =+E27-(E27*3.99/100) -> 5611.7845 | G27: =SUM(D27-B27) -> -950 | H27: =SUM(E27-C27) -> 0 | I27: 999.17 | J27: 0 | K27: 4450 | L27: =+E27+B27 -> 6795 | M27: =SUM(B27-J27) -> 950 | N27: =SUM(E27-K27) -> 1395
A28: =+A27+1 -> 46199 | B28: 2250 | C28: 4140 | D28: 0 | E28: 4140 | F28: =+E28-(E28*3.99/100) -> 3974.814 | G28: =SUM(D28-B28) -> -2250 | H28: =SUM(E28-C28) -> 0 | I28: 690 | J28: 4800 | K28: 5700 | L28: =+E28+B28 -> 6390 | M28: =SUM(B28-J28) -> -2550 | N28: =SUM(E28-K28) -> -1560
A29: =+A28+1 -> 46200 | B29: 2010 | C29: 5930 | D29: 0 | E29: 5930 | F29: =+E29-(E29*3.99/100) -> 5693.393 | G29: =SUM(D29-B29) -> -2010 | H29: =SUM(E29-C29) -> 0 | I29: 1033.33 | J29: 315 | K29: 1050 | L29: =+E29+B29 -> 7940 | M29: =SUM(B29-J29) -> 1695 | N29: =SUM(E29-K29) -> 4880
A30: =+A29+1 -> 46201 | B30: 400 | C30: 450 | D30: 0 | E30: 450 | F30: =+E30-(E30*3.99/100) -> 432.045 | G30: =SUM(D30-B30) -> -400 | H30: =SUM(E30-C30) -> 0 | I30: 0 | J30: 0 | K30: 0 | L30: =+E30+B30 -> 850 | M30: =SUM(B30-J30) -> 400 | N30: =SUM(E30-K30) -> 450
A31: =+A30+1 -> 46202 | B31: 1750 | C31: 2770 | D31: 0 | E31: 2770 | F31: =+E31-(E31*3.99/100) -> 2659.477 | G31: =SUM(D31-B31) -> -1750 | H31: =SUM(E31-C31) -> 0 | I31: 461.66 | J31: 600 | K31: 0 | L31: =+E31+B31 -> 4520 | M31: =SUM(B31-J31) -> 1150 | N31: =SUM(E31-K31) -> 2770
A32: =+A31+1 -> 46203 | B32: 700 | C32: 620 | D32: 0 | E32: 620 | F32: =+E32-(E32*3.99/100) -> 595.262 | G32: =SUM(D32-B32) -> -700 | H32: =SUM(E32-C32) -> 0 | I32: 103.33 | J32: 0 | K32: 0 | L32: =+E32+B32 -> 1320 | M32: =SUM(B32-J32) -> 700 | N32: =SUM(E32-K32) -> 620
F33: =+E33-(E33*3.99/100) -> 0 | G33: =SUM(D33-B33) -> 0 | H33: =SUM(E33-C33) -> 0 | L33: =+E33+B33 -> 0 | M33: =SUM(B33-J33) -> 0 | N33: =SUM(E33-K33) -> 0
A34: TOPLAM | B34: =SUM(B3:B33) -> 36055 | C34: =SUM(C3:C33) -> 100715 | D34: =SUM(D3:D33) -> 645 | E34: =SUM(E3:E33) -> 97015 | F34: =+E34-(E34*3.99/100) -> 93144.102 | G34: =SUM(G3:G32) -> -35410 | H34: =SUM(H3:H32) -> -3700 | I34: =SUM(I3:I33) -> 15928.3 | J34: =SUM(J3:J33) -> 35215 | K34: =SUM(K3:K33) -> 95045 | L34: =SUM(L3:L32) -> 133070 | M34: =SUM(M3:M32) -> 3640 | N34: =SUM(N3:N32) -> 1970
E35: KESİNTİ | F35: =+E34-F34 -> 3870.8985 | L35: =AVERAGE(L3:L32) -> 4435.6667
H37: TOPLAM CİRO | J37: =SUM(L3:L32) -> 133070
H38: TOPLAM HARCAMA | J38: =SUM(+J34+K34) -> 130260
H39: TOPLAM CİRODAN KALAN | J39: =SUM(M34+N34) -> 5610

Sheet MAYIS 2026
A2: SATIŞ | B2: NAKİT SATIŞ | C2: KREDİ SATIŞ | D2: Z RAPORU NAKİT | E2: Z RAPORU KREDİ | F2: YATACAK OLAN | G2: NAKİT FARK | H2: KREDİ FARK | I2: KDV | J2: NAKİT HARCAMA | K2: KREDİ HARCAMA | L2: CİRO | M2: CEP NAKİT | N2: CEP KREDİ
A3: 46143 | B3: 0 | C3: 4650 | D3: 0 | E3: =3260+1390 -> 4650 | F3: =+E3-(E3*3.99/100) -> 4464.465 | G3: =SUM(D3-B3) -> 0 | H3: =SUM(E3-C3) -> 0 | I3: 775 | J3: 350 | K3: 0 | L3: =+E3+B3 -> 4650 | M3: =SUM(B3-J3) -> -350 | N3: =SUM(E3-K3) -> 4650
A4: =+A3+1 -> 46144 | B4: 1920 | C4: 1230 | D4: 0 | E4: 1230 | F4: =+E4-(E4*3.99/100) -> 1180.923 | G4: =SUM(D4-B4) -> -1920 | H4: =SUM(E4-C4) -> 0 | I4: 205 | J4: 0 | K4: 0 | L4: =+E4+B4 -> 3150 | M4: =SUM(B4-J4) -> 1920 | N4: =SUM(E4-K4) -> 1230
A5: =+A4+1 -> 46145 | B5: 0 | C5: 850 | D5: 0 | E5: 850 | F5: =+E5-(E5*3.99/100) -> 816.085 | G5: =SUM(D5-B5) -> 0 | H5: =SUM(E5-C5) -> 0 | I5: 141.67 | J5: 0 | K5: 260 | L5: =+E5+B5 -> 850 | M5: =SUM(B5-J5) -> 0 | N5: =SUM(E5-K5) -> 590
A6: =+A5+1 -> 46146 | B6: 720 | C6: 1660 | D6: 0 | E6: 1660 | F6: =+E6-(E6*3.99/100) -> 1593.766 | G6: =SUM(D6-B6) -> -720 | H6: =SUM(E6-C6) -> 0 | I6: 276.67 | J6: 350 | K6: 0 | L6: =+E6+B6 -> 2380 | M6: =SUM(B6-J6) -> 370 | N6: =SUM(E6-K6) -> 1660
A7: =+A6+1 -> 46147 | B7: 690 | C7: 3930 | D7: 0 | E7: 3930 | F7: =+E7-(E7*3.99/100) -> 3773.193 | G7: =SUM(D7-B7) -> -690 | H7: =SUM(E7-C7) -> 0 | I7: 655.01 | J7: 200 | K7: 1510 | L7: =+E7+B7 -> 4620 | M7: =SUM(B7-J7) -> 490 | N7: =SUM(E7-K7) -> 2420
A8: =+A7+1 -> 46148 | B8: 1800 | C8: 3720 | D8: 0 | E8: 3720 | F8: =+E8-(E8*3.99/100) -> 3571.572 | G8: =SUM(D8-B8) -> -1800 | H8: =SUM(E8-C8) -> 0 | I8: 619.98 | J8: 450 | K8: 0 | L8: =+E8+B8 -> 5520 | M8: 0 | N8: =SUM(E8-K8) -> 3720
A9: =+A8+1 -> 46149 | B9: 500 | C9: 970 | D9: 0 | E9: 970 | F9: =+E9-(E9*3.99/100) -> 931.297 | G9: =SUM(D9-B9) -> -500 | H9: =SUM(E9-C9) -> 0 | I9: 161.67 | J9: 720 | K9: 0 | L9: =+E9+B9 -> 1470 | M9: =SUM(B9-J9) -> -220 | N9: =SUM(E9-K9) -> 970
A10: =+A9+1 -> 46150 | B10: 1450 | C10: 4550 | D10: 0 | E10: 4550 | F10: =+E10-(E10*3.99/100) -> 4368.455 | G10: =SUM(D10-B10) -> -1450 | H10: =SUM(E10-C10) -> 0 | I10: 666.67 | J10: 170 | K10: 0 | L10: =+E10+B10 -> 6000 | M10: =SUM(B10-J10) -> 1280 | N10: =SUM(E10-K10) -> 4550
A11: =+A10+1 -> 46151 | B11: 1250 | C11: 6550 | D11: 0 | E11: 6550 | F11: =+E11-(E11*3.99/100) -> 6288.655 | G11: =SUM(D11-B11) -> -1250 | H11: =SUM(E11-C11) -> 0 | I11: 1091.66 | J11: 6800 | K11: 32185 | L11: =+E11+B11 -> 7800 | M11: =SUM(B11-J11) -> -5550 | N11: =SUM(E11-K11) -> -25635
A12: =+A11+1 -> 46152 | B12: 600 | C12: 5120 | D12: 0 | E12: 5120 | F12: =+E12-(E12*3.99/100) -> 4915.712 | G12: =SUM(D12-B12) -> -600 | H12: =SUM(E12-C12) -> 0 | I12: 853.33 | J12: 0 | K12: 0 | L12: =+E12+B12 -> 5720 | M12: =SUM(B12-J12) -> 600 | N12: =SUM(E12-K12) -> 5120
A13: =+A12+1 -> 46153 | B13: 800 | C13: 2785 | D13: 0 | E13: 2785 | F13: =+E13-(E13*3.99/100) -> 2673.8785 | G13: =SUM(D13-B13) -> -800 | H13: =SUM(E13-C13) -> 0 | I13: 464.16 | J13: 12350 | K13: 1500 | L13: =+E13+B13 -> 3585 | M13: =SUM(B13-J13) -> -11550 | N13: =SUM(E13-K13) -> 1285
A14: =+A13+1 -> 46154 | B14: 100 | C14: 1720 | D14: 0 | E14: 1720 | F14: =+E14-(E14*3.99/100) -> 1651.372 | G14: =SUM(D14-B14) -> -100 | H14: =SUM(E14-C14) -> 0 | I14: 286.67 | J14: 0 | K14: 3090 | L14: =+E14+B14 -> 1820 | M14: =SUM(B14-J14) -> 100 | N14: =SUM(E14-K14) -> -1370
A15: =+A14+1 -> 46155 | B15: 2060 | C15: 3550 | D15: 0 | E15: 3550 | F15: =+E15-(E15*3.99/100) -> 3408.355 | G15: =SUM(D15-B15) -> -2060 | H15: =SUM(E15-C15) -> 0 | I15: 591.67 | J15: 340 | K15: 0 | L15: =+E15+B15 -> 5610 | M15: =SUM(B15-J15) -> 1720 | N15: =SUM(E15-K15) -> 3550
A16: =+A15+1 -> 46156 | B16: 4100 | C16: 5313 | D16: 0 | E16: 5313 | F16: =+E16-(E16*3.99/100) -> 5101.0113 | G16: =SUM(D16-B16) -> -4100 | H16: =SUM(E16-C16) -> 0 | I16: 885.49 | J16: 0 | K16: 0 | L16: =+E16+B16 -> 9413 | M16: =SUM(B16-J16) -> 4100 | N16: =SUM(E16-K16) -> 5313
A17: =+A16+1 -> 46157 | B17: 4770 | C17: =4920+1260 -> 6180 | D17: 0 | E17: 6180 | F17: =+E17-(E17*3.99/100) -> 5933.418 | G17: =SUM(D17-B17) -> -4770 | H17: =SUM(E17-C17) -> 0 | I17: 1029.97 | J17: 0 | K17: 0 | L17: =+E17+B17 -> 10950 | M17: =SUM(B17-J17) -> 4770 | N17: =SUM(E17-K17) -> 6180
A18: =+A17+1 -> 46158 | B18: 5150 | C18: 8050 | D18: 0 | E18: 8050 | F18: =+E18-(E18*3.99/100) -> 7728.805 | G18: =SUM(D18-B18) -> -5150 | H18: =SUM(E18-C18) -> 0 | I18: 1341.66 | J18: 0 | K18: 0 | L18: =+E18+B18 -> 13200 | M18: =SUM(B18-J18) -> 5150 | N18: =SUM(E18-K18) -> 8050
A19: =+A18+1 -> 46159 | B19: 400 | C19: 3310 | D19: 0 | E19: 3310 | F19: =+E19-(E19*3.99/100) -> 3177.931 | G19: =SUM(D19-B19) -> -400 | H19: =SUM(E19-C19) -> 0 | I19: 551.67 | J19: 0 | K19: 1125 | L19: =+E19+B19 -> 3710 | M19: =SUM(B19-J19) -> 400 | N19: =SUM(E19-K19) -> 2185
A20: =+A19+1 -> 46160 | B20: 600 | C20: 2440 | D20: 0 | E20: 2440 | F20: =+E20-(E20*3.99/100) -> 2342.644 | G20: =SUM(D20-B20) -> -600 | H20: =SUM(E20-C20) -> 0 | I20: 406.67 | J20: 350 | K20: 2008 | L20: =+E20+B20 -> 3040 | M20: =SUM(B20-J20) -> 250 | N20: =SUM(E20-K20) -> 432
A21: =+A20+1 -> 46161 | B21: 400 | C21: 1750 | D21: 0 | E21: 1750 | F21: =+E21-(E21*3.99/100) -> 1680.175 | G21: =SUM(D21-B21) -> -400 | H21: =SUM(E21-C21) -> 0 | I21: 291.66 | J21: 550 | K21: 2220 | L21: =+E21+B21 -> 2150 | M21: =SUM(B21-J21) -> -150 | N21: =SUM(E21-K21) -> -470 | R21: 5
A22: =+A21+1 -> 46162 | B22: 550 | C22: 3400 | D22: 0 | E22: 3400 | F22: =+E22-(E22*3.99/100) -> 3264.34 | G22: =SUM(D22-B22) -> -550 | H22: =SUM(E22-C22) -> 0 | I22: 566.66 | J22: 0 | K22: 1505 | L22: =+E22+B22 -> 3950 | M22: =SUM(B22-J22) -> 550 | N22: =SUM(E22-K22) -> 1895
A23: =+A22+1 -> 46163 | B23: 850 | C23: 4420 | D23: 0 | E23: 4420 | F23: =+E23-(E23*3.99/100) -> 4243.642 | G23: =SUM(D23-B23) -> -850 | H23: =SUM(E23-C23) -> 0 | I23: 767.5 | J23: 50 | K23: 3100 | L23: =+E23+B23 -> 5270 | M23: =SUM(B23-J23) -> 800 | N23: =SUM(E23-K23) -> 1320
A24: =+A23+1 -> 46164 | B24: 2100 | C24: 2210 | D24: 0 | E24: 2210 | F24: =+E24-(E24*3.99/100) -> 2121.821 | G24: =SUM(D24-B24) -> -2100 | H24: =SUM(E24-C24) -> 0 | I24: 393.34 | J24: 250 | K24: 0 | L24: =+E24+B24 -> 4310 | M24: =SUM(B24-J24) -> 1850 | N24: =SUM(E24-K24) -> 2210
A25: 23 Mayıs 2026 Cumartesi | B25: 620 | C25: 2030 | D25: 0 | E25: 2030 | F25: =+E25-(E25*3.99/100) -> 1949.003 | G25: =SUM(D25-B25) -> -620 | H25: =SUM(E25-C25) -> 0 | I25: 338.32 | J25: 0 | K25: 0 | L25: =+E25+B25 -> 2650 | M25: =SUM(B25-J25) -> 620 | N25: =SUM(E25-K25) -> 2030
A26: 24 Mayıs 2026 Cumartesi | B26: 0 | C26: 2880 | D26: 0 | E26: 2880 | F26: =+E26-(E26*3.99/100) -> 2765.088 | G26: =SUM(D26-B26) -> 0 | H26: =SUM(E26-C26) -> 0 | I26: 480 | J26: 19150 | K26: 32700 | L26: =+E26+B26 -> 2880 | M26: =SUM(B26-J26) -> -19150 | N26: =SUM(E26-K26) -> -29820
A27: 25 Mayıs 2026 Cumartesi | B27: 500 | C27: 4540 | D27: 0 | E27: 4540 | F27: =+E27-(E27*3.99/100) -> 4358.854 | G27: =SUM(D27-B27) -> -500 | H27: =SUM(E27-C27) -> 0 | I27: 473.33 | J27: 0 | K27: 0 | L27: =+E27+B27 -> 5040 | M27: =SUM(B27-J27) -> 500 | N27: =SUM(E27-K27) -> 4540
A28: 26 Mayıs 2026 Cumartesi | B28: 300 | C28: 5180 | D28: 0 | E28: 6730 | F28: =+E28-(E28*3.99/100) -> 6461.473 | G28: =SUM(D28-B28) -> -300 | H28: =SUM(E28-C28) -> 1550 | I28: 863.33 | J28: 0 | K28: 0 | L28: =+E28+B28 -> 7030 | M28: =SUM(B28-J28) -> 300 | N28: =SUM(E28-K28) -> 6730
A29: 27 Mayıs 2026 Cumartesi | B29: 0 | C29: 0 | D29: 0 | E29: 0 | F29: =+E29-(E29*3.99/100) -> 0 | G29: =SUM(D29-B29) -> 0 | H29: =SUM(E29-C29) -> 0 | I29: 0 | J29: 200 | K29: 0 | L29: =+E29+B29 -> 0 | M29: =SUM(B29-J29) -> -200 | N29: =SUM(E29-K29) -> 0
A30: 28 Mayıs 2026 Cumartesi | B30: 0 | C30: 0 | D30: 0 | E30: 0 | F30: =+E30-(E30*3.99/100) -> 0 | G30: =SUM(D30-B30) -> 0 | H30: =SUM(E30-C30) -> 0 | I30: 0 | J30: 0 | K30: 4000 | L30: =+E30+B30 -> 0 | M30: =SUM(B30-J30) -> 0 | N30: =SUM(E30-K30) -> -4000
A31: 29 Mayıs 2026 Cumartesi | B31: 600 | C31: 750 | D31: 0 | E31: 750 | F31: =+E31-(E31*3.99/100) -> 720.075 | G31: =SUM(D31-B31) -> -600 | H31: =SUM(E31-C31) -> 0 | I31: 125 | J31: 0 | K31: 0 | L31: =+E31+B31 -> 1350 | M31: =SUM(B31-J31) -> 600 | N31: =SUM(E31-K31) -> 750
A32: 30 Mayıs 2026 Cumartesi | B32: 1100 | C32: 2850 | D32: 0 | E32: 2850 | F32: =+E32-(E32*3.99/100) -> 2736.285 | G32: =SUM(D32-B32) -> -1100 | H32: =SUM(E32-C32) -> 0 | J32: 550 | K32: 0 | L32: =+E32+B32 -> 3950 | M32: =SUM(B32-J32) -> 550 | N32: =SUM(E32-K32) -> 2850
A33: 31 Mayıs 2026 Cumartesi | B33: 620 | C33: 200 | D33: 0 | E33: 200 | F33: =+E33-(E33*3.99/100) -> 192.02 | G33: =SUM(D33-B33) -> -620 | H33: =SUM(E33-C33) -> 0 | I33: 33.33 | J33: 0 | K33: 0 | L33: =+E33+B33 -> 820 | M33: =SUM(B33-J33) -> 620 | N33: =SUM(E33-K33) -> 200
A34: TOPLAM | B34: =SUM(B3:B33) -> 34550 | C34: =SUM(C3:C33) -> 96788 | D34: =SUM(D3:D33) -> 0 | E34: =SUM(E3:E33) -> 98338 | F34: =+E34-(E34*3.99/100) -> 94414.314 | G34: =SUM(G3:G32) -> -33930 | H34: =SUM(H3:H32) -> 1550 | I34: =SUM(I3:I33) -> 15337.09 | J34: =SUM(J3:J33) -> 42830 | K34: =SUM(K3:K33) -> 85203 | L34: =SUM(L3:L32) -> 132068 | M34: =SUM(M3:M32) -> -10250 | N34: =SUM(N3:N32) -> 12935
E35: KESİNTİ | F35: =+E34-F34 -> 3923.6862 | L35: =AVERAGE(L3:L32) -> 4402.2667
H37: TOPLAM CİRO | J37: =SUM(L3:L32) -> 132068
H38: TOPLAM HARCAMA | J38: =SUM(+J34+K34) -> 128033
H39: TOPLAM CİRODAN KALAN | J39: =SUM(M34+N34) -> 2685

Sheet NİSAN 2026
A2: SATIŞ | B2: NAKİT SATIŞ | C2: KREDİ SATIŞ | D2: Z RAPORU NAKİT | E2: Z RAPORU KREDİ | F2: YATACAK OLAN | G2: NAKİT FARK | H2: KREDİ FARK | I2: KDV | J2: NAKİT HARCAMA | K2: KREDİ HARCAMA | L2: CİRO | M2: CEP NAKİT | N2: CEP KREDİ
A3: 46113 | B3: 470 | C3: 2100 | D3: 0 | E3: 2100 | F3: =+E3-(E3*3.99/100) -> 2016.21 | G3: =SUM(D3-B3) -> -470 | H3: =SUM(E3-C3) -> 0 | I3: 350 | J3: 0 | K3: 0 | L3: =+E3+B3 -> 2570 | M3: =SUM(B3-J3) -> 470 | N3: =SUM(E3-K3) -> 2100
A4: =+A3+1 -> 46114 | B4: 2000 | C4: 3520 | D4: 470 | E4: =3270+250 -> 3520 | F4: =+E4-(E4*3.99/100) -> 3379.552 | G4: =SUM(D4-B4) -> -1530 | H4: =SUM(E4-C4) -> 0 | I4: 665 | J4: 450 | K4: 0 | L4: =+E4+B4 -> 5520 | M4: =SUM(B4-J4) -> 1550 | N4: =SUM(E4-K4) -> 3520
A5: =+A4+1 -> 46115 | B5: 0 | C5: 8745 | D5: 350 | E5: =8055+690 -> 8745 | F5: =+E5-(E5*3.99/100) -> 8396.0745 | G5: =SUM(D5-B5) -> 350 | H5: =SUM(E5-C5) -> 0 | I5: 1515.85 | J5: 50 | K5: 300 | L5: =+E5+B5 -> 8745 | M5: =SUM(B5-J5) -> -50 | N5: =SUM(E5-K5) -> 8445
A6: =+A5+1 -> 46116 | B6: 1600 | C6: 3765 | D6: 0 | E6: 3765 | F6: =+E6-(E6*3.99/100) -> 3614.7765 | G6: =SUM(D6-B6) -> -1600 | H6: =SUM(E6-C6) -> 0 | I6: 627.5 | J6: 0 | K6: 0 | L6: =+E6+B6 -> 5365 | M6: =SUM(B6-J6) -> 1600 | N6: =SUM(E6-K6) -> 3765
A7: =+A6+1 -> 46117 | B7: 2020 | C7: 4250 | D7: 455 | E7: =3590+660 -> 4250 | F7: =+E7-(E7*3.99/100) -> 4080.425 | G7: =SUM(D7-B7) -> -1565 | H7: =SUM(E7-C7) -> 0 | I7: 784.16 | J7: 0 | K7: 0 | L7: =+E7+B7 -> 6270 | M7: =SUM(B7-J7) -> 2020 | N7: =SUM(E7-K7) -> 4250
A8: =+A7+1 -> 46118 | B8: 3360 | C8: 4210 | D8: 0 | E8: =2520+1690 -> 4210 | F8: =+E8-(E8*3.99/100) -> 4042.021 | G8: =SUM(D8-B8) -> -3360 | H8: =SUM(E8-C8) -> 0 | I8: 701.66 | J8: 400 | K8: 0 | L8: =+E8+B8 -> 7570 | M8: =SUM(B8-J8) -> 2960 | N8: =SUM(E8-K8) -> 4210
A9: =+A8+1 -> 46119 | B9: 1400 | C9: 5910 | D9: 350 | E9: =4040+1870 -> 5910 | F9: =+E9-(E9*3.99/100) -> 5674.191 | G9: =SUM(D9-B9) -> -1050 | H9: =SUM(E9-C9) -> 0 | I9: 1043.33 | J9: 320 | K9: =39000+8000 -> 47000 | L9: =+E9+B9 -> 7310 | M9: =SUM(B9-J9) -> 1080 | N9: =SUM(E9-K9) -> -41090
A10: =+A9+1 -> 46120 | B10: 1200 | C10: 3115 | D10: 300 | E10: 3115 | F10: =+E10-(E10*3.99/100) -> 2990.7115 | G10: =SUM(D10-B10) -> -900 | H10: =SUM(E10-C10) -> 0 | I10: 569.17 | J10: 0 | K10: 3470 | L10: =+E10+B10 -> 4315 | M10: =SUM(B10-J10) -> 1200 | N10: =SUM(E10-K10) -> -355
A11: =+A10+1 -> 46121 | B11: 1115 | C11: 2990 | D11: 165 | E11: 2990 | F11: =+E11-(E11*3.99/100) -> 2870.699 | G11: =SUM(D11-B11) -> -950 | H11: =SUM(E11-C11) -> 0 | I11: 525.83 | J11: 0 | K11: 4245 | L11: =+E11+B11 -> 4105 | M11: =SUM(B11-J11) -> 1115 | N11: =SUM(E11-K11) -> -1255
A12: =+A11+1 -> 46122 | B12: 900 | C12: 2910 | D12: 175 | E12: =2760+150 -> 2910 | F12: =+E12-(E12*3.99/100) -> 2793.891 | G12: =SUM(D12-B12) -> -725 | H12: =SUM(E12-C12) -> 0 | I12: 514.18 | J12: 13700 | K12: 10400 | L12: =+E12+B12 -> 3810 | M12: =SUM(B12-J12) -> -12800 | N12: =SUM(E12-K12) -> -7490
A13: =+A12+1 -> 46123 | B13: 1965 | C13: 3210 | D13: 0 | E13: =2740+470 -> 3210 | F13: =+E13-(E13*3.99/100) -> 3081.921 | G13: =SUM(D13-B13) -> -1965 | H13: =SUM(E13-C13) -> 0 | I13: 534.99 | J13: =90+160+350+100 -> 700 | K13: 0 | L13: =+E13+B13 -> 5175 | M13: =SUM(B13-J13) -> 1265 | N13: =SUM(E13-K13) -> 3210
A14: =+A13+1 -> 46124 | B14: 1650 | C14: 2560 | D14: 0 | E14: =2190+370 -> 2560 | F14: =+E14-(E14*3.99/100) -> 2457.856 | G14: =SUM(D14-B14) -> -1650 | H14: =SUM(E14-C14) -> 0 | I14: 426.67 | J14: 0 | K14: 550 | L14: =+E14+B14 -> 4210 | M14: =SUM(B14-J14) -> 1650 | N14: =SUM(E14-K14) -> 2010
A15: =+A14+1 -> 46125 | B15: 200 | C15: 1960 | D15: 0 | E15: 1960 | F15: =+E15-(E15*3.99/100) -> 1881.796 | G15: =SUM(D15-B15) -> -200 | H15: =SUM(E15-C15) -> 0 | I15: 326.67 | J15: =5000+105+115 -> 5220 | K15: =2000+5525 -> 7525 | L15: =+E15+B15 -> 2160 | M15: =SUM(B15-J15) -> -5020 | N15: =SUM(E15-K15) -> -5565
A16: =+A15+1 -> 46126 | B16: 350 | C16: 1765 | D16: 100 | E16: =1245+520 -> 1765 | F16: =+E16-(E16*3.99/100) -> 1694.5765 | G16: =SUM(D16-B16) -> -250 | H16: =SUM(E16-C16) -> 0 | I16: 310.84 | J16: 1950 | K16: =1620+760 -> 2380 | L16: =+E16+B16 -> 2115 | M16: =SUM(B16-J16) -> -1600 | N16: =SUM(E16-K16) -> -615
A17: =+A16+1 -> 46127 | B17: 900 | C17: 5090 | D17: 330 | E17: =4590+500 -> 5090 | F17: =+E17-(E17*3.99/100) -> 4886.909 | G17: =SUM(D17-B17) -> -570 | H17: =SUM(E17-C17) -> 0 | I17: 903.33 | J17: 0 | K17: 0 | L17: =+E17+B17 -> 5990 | M17: =SUM(B17-J17) -> 900 | N17: =SUM(E17-K17) -> 5090
A18: =+A17+1 -> 46128 | B18: 500 | C18: 6630 | D18: 155 | E18: 6630 | F18: =+E18-(E18*3.99/100) -> 6365.463 | G18: =SUM(D18-B18) -> -345 | H18: =SUM(E18-C18) -> 0 | I18: 1130.82 | J18: 90 | K18: =5280+800 -> 6080 | L18: =+E18+B18 -> 7130 | M18: =SUM(B18-J18) -> 410 | N18: =SUM(E18-K18) -> 550
A19: =+A18+1 -> 46129 | B19: 800 | C19: =270+1005 -> 1275 | D19: 0 | E19: =885+120 -> 1005 | F19: =+E19-(E19*3.99/100) -> 964.9005 | G19: =SUM(D19-B19) -> -800 | H19: =SUM(E19-C19) -> -270 | I19: 167.5 | J19: 0 | K19: 4655 | L19: =+E19+B19 -> 1805 | M19: =SUM(B19-J19) -> 800 | N19: =SUM(E19-K19) -> -3650
A20: =+A19+1 -> 46130 | B20: 1600 | C20: =1580+2350 -> 3930 | D20: 85 | E20: =980+600 -> 1580 | F20: =+E20-(E20*3.99/100) -> 1516.958 | G20: =SUM(D20-B20) -> -1515 | H20: =SUM(E20-C20) -> -2350 | I20: 277.5 | J20: 215 | K20: 240 | L20: =+E20+B20 -> 3180 | M20: =SUM(B20-J20) -> 1385 | N20: =SUM(E20-K20) -> 1340
A21: =+A20+1 -> 46131 | B21: 1300 | C21: 900 | D21: 100 | E21: 900 | F21: =+E21-(E21*3.99/100) -> 864.09 | G21: =SUM(D21-B21) -> -1200 | H21: =SUM(E21-C21) -> 0 | I21: 166.67 | J21: 250 | K21: 0 | L21: =+E21+B21 -> 2200 | M21: =SUM(B21-J21) -> 1050 | N21: =SUM(E21-K21) -> 900
A22: =+A21+1 -> 46132 | B22: 2900 | C22: 2450 | D22: 0 | E22: 2450 | F22: =+E22-(E22*3.99/100) -> 2352.245 | G22: =SUM(D22-B22) -> -2900 | H22: =SUM(E22-C22) -> 0 | I22: 408.34 | J22: 350 | K22: 1500 | L22: =+E22+B22 -> 5350 | M22: =SUM(B22-J22) -> 2550 | N22: =SUM(E22-K22) -> 950
A23: =+A22+1 -> 46133 | B23: 700 | C23: =1000+2420 -> 3420 | D23: 0 | E23: 2420 | F23: =+E23-(E23*3.99/100) -> 2323.442 | G23: =SUM(D23-B23) -> -700 | H23: =SUM(E23-C23) -> -1000 | I23: 403.33 | J23: =500+2800 -> 3300 | K23: =3460+810+1655+2880 -> 8805 | L23: =+E23+B23 -> 3120 | M23: =SUM(B23-J23) -> -2600 | N23: =SUM(E23-K23) -> -6385
A24: =+A23+1 -> 46134 | B24: 2150 | C24: 5320 | D24: 0 | E24: 5320 | F24: =+E24-(E24*3.99/100) -> 5107.732 | G24: =SUM(D24-B24) -> -2150 | H24: =SUM(E24-C24) -> 0 | I24: 934.16 | J24: 150 | K24: 190 | L24: =+E24+B24 -> 7470 | M24: =SUM(B24-J24) -> 2000 | N24: =SUM(E24-K24) -> 5130
A25: =+A24+1 -> 46135 | B25: 2550 | C25: =410+520 -> 930 | D25: 100 | E25: 410 | F25: =+E25-(E25*3.99/100) -> 393.641 | G25: =SUM(D25-B25) -> -2450 | H25: =SUM(E25-C25) -> -520 | I25: 85 | J25: 700 | K25: 0 | L25: =+E25+B25 -> 2960 | M25: =SUM(B25-J25) -> 1850 | N25: =SUM(E25-K25) -> 410
A26: =+A25+1 -> 46136 | B26: 1200 | C26: 3240 | D26: 0 | E26: =2940+300 -> 3240 | F26: =+E26-(E26*3.99/100) -> 3110.724 | G26: =SUM(D26-B26) -> -1200 | H26: =SUM(E26-C26) -> 0 | I26: =50+490 -> 540 | J26: 5350 | K26: 8515 | L26: =+E26+B26 -> 4440 | M26: =SUM(B26-J26) -> -4150 | N26: =SUM(E26-K26) -> -5275
A27: =+A26+1 -> 46137 | B27: 300 | C27: 5470 | D27: 0 | E27: 5470 | F27: =+E27-(E27*3.99/100) -> 5251.747 | G27: =SUM(D27-B27) -> -300 | H27: =SUM(E27-C27) -> 0 | I27: 911.66 | J27: 1000 | K27: 3870 | L27: =+E27+B27 -> 5770 | M27: =SUM(B27-J27) -> -700 | N27: =SUM(E27-K27) -> 1600
A28: =+A27+1 -> 46138 | B28: 120 | C28: 4210 | D28: 205 | E28: 4210 | F28: =+E28-(E28*3.99/100) -> 4042.021 | G28: =SUM(D28-B28) -> 85 | H28: =SUM(E28-C28) -> 0 | I28: 735.83 | J28: 600 | K28: 270 | L28: =+E28+B28 -> 4330 | M28: =SUM(B28-J28) -> -480 | N28: =SUM(E28-K28) -> 3940
A29: =+A28+1 -> 46139 | B29: 400 | C29: 920 | D29: 0 | E29: 920 | F29: =+E29-(E29*3.99/100) -> 883.292 | G29: =SUM(D29-B29) -> -400 | H29: =SUM(E29-C29) -> 0 | I29: 153.34 | J29: =155+115 -> 270 | K29: 7800 | L29: =+E29+B29 -> 1320 | M29: =SUM(B29-J29) -> 130 | N29: =SUM(E29-K29) -> -6880
A30: =+A29+1 -> 46140 | B30: 1350 | C30: =270+2380 -> 2650 | D30: 195 | E30: =330+2050 -> 2380 | F30: =+E30-(E30*3.99/100) -> 2285.038 | G30: =SUM(D30-B30) -> -1155 | H30: =SUM(E30-C30) -> -270 | I30: 429.17 | J30: =120+70+250 -> 440 | K30: 870 | L30: =+E30+B30 -> 3730 | M30: =SUM(B30-J30) -> 910 | N30: =SUM(E30-K30) -> 1510
A31: =+A30+1 -> 46141 | B31: 1600 | C31: 1620 | D31: 0 | E31: =4130+490 -> 4620 | F31: =+E31-(E31*3.99/100) -> 4435.662 | G31: =SUM(D31-B31) -> -1600 | H31: =SUM(E31-C31) -> 3000 | I31: 770 | J31: 1550 | K31: 0 | L31: =+E31+B31 -> 6220 | M31: =SUM(B31-J31) -> 50 | N31: =SUM(E31-K31) -> 4620
A32: =+A31+1 -> 46142 | B32: 30 | C32: 5400 | D32: 0 | E32: 5400 | F32: =+E32-(E32*3.99/100) -> 5184.54 | G32: =SUM(D32-B32) -> -30 | H32: =SUM(E32-C32) -> 0 | I32: 900 | J32: 80 | K32: 0 | L32: =+E32+B32 -> 5430 | M32: =SUM(B32-J32) -> -50 | N32: =SUM(E32-K32) -> 5400
A33: TOPLAM | B33: =SUM(B3:B32) -> 36630 | C33: =SUM(C3:C32) -> 104465 | D33: =SUM(D3:D32) -> 3535 | E33: =SUM(E3:E32) -> 103055 | F33: =+E33-(E33*3.99/100) -> 98943.106 | G33: =SUM(G3:G32) -> -33095 | H33: =SUM(H3:H32) -> -1410 | I33: =SUM(I3:I32) -> 17812.5 | J33: =SUM(J3:J32) -> 37135 | K33: =SUM(K3:K32) -> 118665 | L33: =SUM(L3:L32) -> 139685 | M33: =SUM(M3:M32) -> -505 | N33: =SUM(N3:N32) -> -15610
F34: =+E33-F33 -> 4111.8945 | L34: =AVERAGE(L3:L32) -> 4656.1667
H36: TOPLAM CİRO | J36: =SUM(L3:L32) -> 139685
H37: TOPLAM HARCAMA | J37: =SUM(+J33+K33) -> 155800
H38: TOPLAM CİRODAN KALAN | J38: =SUM(M33+N33) -> -16115

Sheet MART 2026
A2: SATIŞ | B2: NAKİT SATIŞ | C2: KREDİ SATIŞ | D2: Z RAPORU NAKİT | E2: Z RAPORU KREDİ | F2: NAKİT FARK | G2: KREDİ FARK | H2: KDV | I2: NAKİT HARCAMA | J2: KREDİ HARCAMA | K2: CİRO | L2: CEP NAKİT | M2: CEP KREDİ
A3: 46082 | B3: 150 | C3: 780 | D3: 0 | E3: 780 | F3: =SUM(D3-B3) -> -150 | G3: =SUM(E3-C3) -> 0 | H3: 130.01 | I3: 400 | J3: 0 | K3: =+E3+B3 -> 930 | L3: =SUM(B3-I3) -> -250 | M3: =SUM(E3-J3) -> 780
A4: =+A3+1 -> 46083 | B4: 600 | C4: 1700 | D4: 0 | E4: 1700 | F4: =SUM(D4-B4) -> -600 | G4: =SUM(E4-C4) -> 0 | H4: 283.34 | I4: 80 | J4: 0 | K4: =+E4+B4 -> 2300 | L4: =SUM(B4-I4) -> 520 | M4: =SUM(E4-J4) -> 1700
A5: =+A4+1 -> 46084 | B5: 970 | C5: 6740 | D5: 0 | E5: 6740 | F5: =SUM(D5-B5) -> -970 | G5: =SUM(E5-C5) -> 0 | H5: 1123.33 | I5: 1100 | J5: 400 | K5: =+E5+B5 -> 7710 | L5: =SUM(B5-I5) -> -130 | M5: =SUM(E5-J5) -> 6340
A6: =+A5+1 -> 46085 | B6: 2850 | C6: 9130 | D6: 0 | E6: 9130 | F6: =SUM(D6-B6) -> -2850 | G6: =SUM(E6-C6) -> 0 | H6: 1543.34 | I6: 0 | J6: 820 | K6: =+E6+B6 -> 11980 | L6: =SUM(B6-I6) -> 2850 | M6: =SUM(E6-J6) -> 8310
A7: =+A6+1 -> 46086 | B7: 2350 | C7: 3730 | D7: 0 | E7: 3730 | F7: =SUM(D7-B7) -> -2350 | G7: =SUM(E7-C7) -> 0 | H7: 621.66 | I7: 0 | J7: 0 | K7: =+E7+B7 -> 6080 | L7: =SUM(B7-I7) -> 2350 | M7: =SUM(E7-J7) -> 3730
A8: =+A7+1 -> 46087 | B8: 600 | C8: 1430 | D8: 0 | E8: 1430 | F8: =SUM(D8-B8) -> -600 | G8: =SUM(E8-C8) -> 0 | H8: 238.34 | I8: 300 | J8: 0 | K8: =+E8+B8 -> 2030 | L8: =SUM(B8-I8) -> 300 | M8: =SUM(E8-J8) -> 1430
A9: =+A8+1 -> 46088 | B9: 1950 | C9: 3440 | D9: 0 | E9: 3440 | F9: =SUM(D9-B9) -> -1950 | G9: =SUM(E9-C9) -> 0 | H9: 619.18 | I9: 5370 | J9: 3000 | K9: =+E9+B9 -> 5390 | L9: =SUM(B9-I9) -> -3420 | M9: =SUM(E9-J9) -> 440
A10: =+A9+1 -> 46089 | B10: 850 | C10: 970 | D10: 0 | E10: 970 | F10: =SUM(D10-B10) -> -850 | G10: =SUM(E10-C10) -> 0 | H10: 111.67 | I10: 0 | J10: 0 | K10: =+E10+B10 -> 1820 | L10: =SUM(B10-I10) -> 850 | M10: =SUM(E10-J10) -> 970
A11: =+A10+1 -> 46090 | B11: 1350 | C11: 1520 | D11: 0 | E11: 1520 | F11: =SUM(D11-B11) -> -1350 | G11: =SUM(E11-C11) -> 0 | H11: 285.01 | I11: 0 | J11: 0 | K11: =+E11+B11 -> 2870 | L11: =SUM(B11-I11) -> 1350 | M11: =SUM(E11-J11) -> 1520
A12: =+A11+1 -> 46091 | B12: 1200 | C12: 1990 | D12: 0 | E12: 1990 | F12: =SUM(D12-B12) -> -1200 | G12: =SUM(E12-C12) -> 0 | H12: 331.66 | I12: 16000 | J12: 41000 | K12: =+E12+B12 -> 3190 | L12: =SUM(B12-I12) -> -14800 | M12: =SUM(E12-J12) -> -39010
A13: =+A12+1 -> 46092 | B13: 2110 | C13: 5750 | D13: 0 | E13: 5750 | F13: =SUM(D13-B13) -> -2110 | G13: =SUM(E13-C13) -> 0 | H13: 987.48 | I13: 0 | J13: 0 | K13: =+E13+B13 -> 7860 | L13: =SUM(B13-I13) -> 2110 | M13: =SUM(E13-J13) -> 5750
A14: =+A13+1 -> 46093 | B14: 910 | C14: 2645 | D14: 0 | E14: 2645 | F14: =SUM(D14-B14) -> -910 | G14: =SUM(E14-C14) -> 0 | H14: 440.84 | I14: 300 | J14: 7500 | K14: =+E14+B14 -> 3555 | L14: =SUM(B14-I14) -> 610 | M14: =SUM(E14-J14) -> -4855
A15: =+A14+1 -> 46094 | B15: 1100 | C15: 2870 | D15: 0 | E15: 2870 | F15: =SUM(D15-B15) -> -1100 | G15: =SUM(E15-C15) -> 0 | H15: 523.32 | I15: 215 | J15: 180 | K15: =+E15+B15 -> 3970 | L15: =SUM(B15-I15) -> 885 | M15: =SUM(E15-J15) -> 2690
... A33: =+A32+1 -> 46112 | B33: 1380 | C33: 1440 | D33: 0 | E33: 1440 | F33: =SUM(D33-B33) -> -1380 | G33: =SUM(E33-C33) -> 0 | H33: 126.84 | I33: 0 | J33: 0 | K33: =+E33+B33 -> 2820 | L33: =SUM(B33-I33) -> 1380 | M33: =SUM(E33-J33) -> 1440
A34: TOPLAM | B34: =SUM(B3:B33) -> 36030 | C34: =SUM(C3:C33) -> 89800 | D34: =SUM(D3:D33) -> 0 | E34: =SUM(E3:E33) -> 95800 | F34: =SUM(F3:F33) -> -36030 | G34: =SUM(G3:G33) -> 6000 | H34: =SUM(H3:H33) -> 15203.54 | I34: =SUM(I3:I33) -> 38960 | ... M34: =SUM(M3:M33) -> 14105
K35: =AVERAGE(K3:K33) -> 4252.5806
G37: TOPLAM CİRO | I37: =SUM(K3:K33) -> 131830
G38: TOPLAM HARCAMA | I38: =SUM(+I34+J34) -> 120655
G39: TOPLAM CİRODAN KALAN | I39: =SUM(L34+M34) -> 11175

Sheet ŞUBAT 2026
A2: SATIŞ | B2: NAKİT SATIŞ | C2: KREDİ SATIŞ | D2: Z RAPORU NAKİT | E2: Z RAPORU KREDİ | F2: NAKİT FARK | G2: KREDİ FARK | H2: KDV | I2: NAKİT HARCAMA | J2: KREDİ HARCAMA | K2: CİRO | L2: CEP NAKİT | M2: CEP KREDİ
A3: 46054 | B3: 1940 | C3: 3800 | D3: 0 | E3: 3800 | F3: =SUM(D3-B3) -> -1940 | G3: =SUM(E3-C3) -> 0 | H3: 891.66 | I3: 0 | J3: 170 | K3: =+E3+B3 -> 5740 | L3: =SUM(B3-I3) -> 1940 | M3: =SUM(E3-J3) -> 3630
A4: =+A3+1 -> 46055 | B4: 660 | C4: 620 | D4: 0 | E4: 620 | F4: =SUM(D4-B4) -> -660 | G4: =SUM(E4-C4) -> 0 | H4: 115.83 | I4: 85 | J4: 0 | K4: =+E4+B4 -> 1280 | L4: =SUM(B4-I4) -> 575 | M4: =SUM(E4-J4) -> 620
A5: =+A4+1 -> 46056 | B5: 1770 | C5: 4690 | D5: 0 | E5: 4690 | F5: =SUM(D5-B5) -> -1770 | G5: =SUM(E5-C5) -> 0 | H5: 781.68 | I5: 220 | J5: 0 | K5: =+E5+B5 -> 6460 | L5: =SUM(B5-I5) -> 1550 | M5: =SUM(E5-J5) -> 4690
A6: =+A5+1 -> 46057 | B6: 500 | C6: 3590 | D6: 0 | E6: 3590 | F6: =SUM(D6-B6) -> -500 | G6: =SUM(E6-C6) -> 0 | H6: 627.51 | I6: 355 | J6: 6610 | K6: =+E6+B6 -> 4090 | L6: =SUM(B6-I6) -> 145 | M6: =SUM(E6-J6) -> -3020
A7: =+A6+1 -> 46058 | B7: 2350 | C7: 1870 | D7: 0 | E7: 1870 | F7: =SUM(D7-B7) -> -2350 | G7: =SUM(E7-C7) -> 0 | H7: 336.67 | I7: 450 | J7: 0 | K7: =+E7+B7 -> 4220 | L7: =SUM(B7-I7) -> 1900 | M7: =SUM(E7-J7) -> 1870
A8: =+A7+1 -> 46059 | B8: 1760 | C8: 1600 | D8: 0 | E8: 1600 | F8: =SUM(D8-B8) -> -1760 | G8: =SUM(E8-C8) -> 0 | H8: 300.83 | I8: 100 | J8: 730 | K8: =+E8+B8 -> 3360 | L8: =SUM(B8-I8) -> 1660 | M8: =SUM(E8-J8) -> 870
A9: =+A8+1 -> 46060 | B9: 1550 | C9: 3220 | D9: 0 | E9: 3220 | F9: =SUM(D9-B9) -> -1550 | G9: =SUM(E9-C9) -> 0 | H9: 555.83 | I9: 100 | J9: 0 | K9: =+E9+B9 -> 4770 | L9: =SUM(B9-I9) -> 1450 | M9: =SUM(E9-J9) -> 3220
A10: =+A9+1 -> 46061 | B10: 1100 | C10: 2120 | D10: 0 | E10: 2120 | F10: =SUM(D10-B10) -> -1100 | G10: =SUM(E10-C10) -> 0 | H10: 353.34 | I10: 0 | J10: 430 | K10: =+E10+B10 -> 3220 | L10: =SUM(B10-I10) -> 1100 | M10: =SUM(E10-J10) -> 1690
A11: =+A10+1 -> 46062 | B11: 945 | C11: 1950 | D11: 0 | E11: 1950 | F11: =SUM(D11-B11) -> -945 | G11: =SUM(E11-C11) -> 0 | H11: 3250.1 | I11: 220 | J11: 0 | K11: =+E11+B11 -> 2895 | L11: =SUM(B11-I11) -> 725 | M11: =SUM(E11-J11) -> 1950
A12: =+A11+1 -> 46063 | B12: 0 | C12: 2130 | D12: 0 | E12: 2130 | F12: =SUM(D12-B12) -> 0 | G12: =SUM(E12-C12) -> 0 | H12: 355 | I12: 9500 | J12: 16000 | K12: =+E12+B12 -> 2130 | L12: =SUM(B12-I12) -> -9500 | M12: =SUM(E12-J12) -> -13870
A13: =+A12+1 -> 46064 | B13: 920 | C13: 660 | D13: 0 | E13: 660 | F13: =SUM(D13-B13) -> -920 | G13: =SUM(E13-C13) -> 0 | H13: 110.17 | I13: 1000 | J13: 2230 | K13: =+E13+B13 -> 1580 | L13: =SUM(B13-I13) -> -80 | M13: =SUM(E13-J13) -> -1570
A14: =+A13+1 -> 46065 | B14: 1210 | C14: 5075 | D14: 0 | E14: 5075 | F14: =SUM(D14-B14) -> -1210 | G14: =SUM(E14-C14) -> 0 | H14: 851.67 | I14: 100 | J14: 200 | K14: =+E14+B14 -> 6285 | L14: =SUM(B14-I14) -> 1110 | M14: =SUM(E14-J14) -> 4875
A15: =+A14+1 -> 46066 | B15: 100 | C15: 6830 | D15: 0 | E15: 6830 | F15: =SUM(D15-B15) -> -100 | G15: =SUM(E15-C15) -> 0 | H15: 1138.33 | I15: 400 | J15: 0 | K15: =+E15+B15 -> 6930 | L15: =SUM(B15-I15) -> -300 | M15: =SUM(E15-J15) -> 6830
... A30: =+A29+1 -> 46081 | B30: 0 | C30: 1740 | D30: 0 | E30: 1740 | F30: =SUM(D30-B30) -> 0 | G30: =SUM(E30-C30) -> 0 | H30: 290 | I30: 40 | J30: 1990 | K30: =+E30+B30 -> 1740 | L30: =SUM(B30-I30) -> -40 | M30: =SUM(E30-J30) -> -250
D31: 0 | F31: =SUM(D31-B31) -> 0 | G31: =SUM(E31-C31) -> 0 | K31: =+E31+B31 -> 0 | L31: =SUM(B31-I31) -> 0 | M31: =SUM(E31-J31) -> 0
F32: =SUM(D32-B32) -> 0 | G32: =SUM(E32-C32) -> 0 | K32: =+E32+B32 -> 0 | L32: =SUM(B32-I32) -> 0 | M32: =SUM(E32-J32) -> 0
F33: =SUM(D33-B33) -> 0 | G33: =SUM(E33-C33) -> 0 | K33: =+E33+B33 -> 0 | L33: =SUM(B33-I33) -> 0 | M33: =SUM(E33-J33) -> 0
A34: TOPLAM | B34: =SUM(B3:B33) -> 30715 | C34: =SUM(C3:C33) -> 79950 | D34: =SUM(D3:D33) -> 0 | E34: =SUM(E3:E33) -> 79950 | F34: =SUM(F3:F33) -> -30715 | G34: =SUM(G3:G33) -> 0 | H34: =SUM(H3:H33) -> 16753.12 | I34: =SUM(I3:I33) -> 18240 | ... M34: =SUM(M3:M33) -> 21910
K35: =AVERAGE(K3:K33) -> 3569.8387
G37: TOPLAM CİRO | I37: =SUM(K3:K33) -> 110665
G38: TOPLAM HARCAMA | I38: =SUM(+I34+J34) -> 76280
G39: TOPLAM CİRODAN KALAN | I39: =SUM(L34+M34) -> 34385

Sheet OCAK 2026
A2: SATIŞ | B2: NAKİT SATIŞ | C2: KREDİ SATIŞ | D2: Z RAPORU NAKİT | E2: Z RAPORU KREDİ | F2: NAKİT FARK | G2: KREDİ FARK | H2: KDV | I2: NAKİT HARCAMA | J2: KREDİ HARCAMA | K2: CİRO | L2: CEP NAKİT | M2: CEP KREDİ
A3: 46023 | B3: 700 | C3: 1930 | D3: 700 | E3: 1930 | F3: =SUM(D3-B3) -> 0 | G3: =SUM(E3-C3) -> 0 | H3: 321.67 | I3: =200+100+7000 -> 7300 | J3: 8000 | K3: =+E3+B3 -> 2630 | L3: =SUM(B3-I3) -> -6600 | M3: =SUM(E3-J3) -> -6070 | N3: =+(C3*0.2)/1.2 -> 321.66667
A4: =+A3+1 -> 46024 | B4: 400 | C4: 3300 | D4: 0 | E4: 3300 | F4: =SUM(D4-B4) -> -400 | G4: =SUM(E4-C4) -> 0 | H4: 550 | I4: 100 | J4: 0 | K4: =+E4+B4 -> 3700 | L4: =SUM(B4-I4) -> 300 | M4: =SUM(E4-J4) -> 3300 | N4: =+(C4*0.2)/1.2 -> 550
A5: =+A4+1 -> 46025 | B5: 1000 | C5: 1380 | D5: 0 | E5: 1380 | F5: =SUM(D5-B5) -> -1000 | G5: =SUM(E5-C5) -> 0 | H5: 180.01 | I5: 870 | J5: 0 | K5: =+E5+B5 -> 2380 | L5: =SUM(B5-I5) -> 130 | M5: =SUM(E5-J5) -> 1380 | N5: =+(C5*0.2)/1.2 -> 230 | O5: +
A6: =+A5+1 -> 46026 | B6: 1400 | C6: 1180 | D6: 0 | E6: 1180 | F6: =SUM(D6-B6) -> -1400 | G6: =SUM(E6-C6) -> 0 | H6: 196.67 | I6: 0 | J6: 3845 | K6: =+E6+B6 -> 2580 | L6: =SUM(B6-I6) -> 1400 | M6: =SUM(E6-J6) -> -2665 | N6: =+(C6*0.2)/1.2 -> 196.66667
A7: =+A6+1 -> 46027 | B7: 300 | C7: 1340 | D7: 0 | E7: 1340 | F7: =SUM(D7-B7) -> -300 | G7: =SUM(E7-C7) -> 0 | H7: 223.33 | I7: 270 | J7: 0 | K7: =+E7+B7 -> 1640 | L7: =SUM(B7-I7) -> 30 | M7: =SUM(E7-J7) -> 1340 | N7: =+(C7*0.2)/1.2 -> 223.33333
A8: =+A7+1 -> 46028 | B8: 2000 | C8: 1980 | D8: 0 | E8: 1980 | F8: =SUM(D8-B8) -> -2000 | G8: =SUM(E8-C8) -> 0 | H8: 213.33 | I8: 970 | J8: 190 | K8: =+E8+B8 -> 3980 | L8: =SUM(B8-I8) -> 1030 | M8: =SUM(E8-J8) -> 1790 | N8: =+(C8*0.2)/1.2 -> 330 | O8: +
A9: =+A8+1 -> 46029 | B9: 700 | C9: 2570 | D9: 0 | E9: 2570 | F9: =SUM(D9-B9) -> -700 | G9: =SUM(E9-C9) -> 0 | H9: 428.33 | I9: 205 | J9: 0 | K9: =+E9+B9 -> 3270 | L9: =SUM(B9-I9) -> 495 | M9: =SUM(E9-J9) -> 2570 | N9: =+(C9*0.2)/1.2 -> 428.33333
A10: =+A9+1 -> 46030 | B10: 1400 | C10: 9200 | D10: 0 | E10: 9200 | F10: =SUM(D10-B10) -> -1400 | G10: =SUM(E10-C10) -> 0 | H10: 1533.33 | I10: 420 | J10: 0 | K10: =+E10+B10 -> 10600 | L10: =SUM(B10-I10) -> 980 | M10: =SUM(E10-J10) -> 9200 | N10: =+(C10*0.2)/1.2 -> 1533.3333
A11: =+A10+1 -> 46031 | B11: 2130 | C11: 2750 | D11: 0 | E11: 2750 | F11: =SUM(D11-B11) -> -2130 | G11: =SUM(E11-C11) -> 0 | H11: 504.16 | I11: 340 | J11: 80 | K11: =+E11+B11 -> 4880 | L11: =SUM(B11-I11) -> 1790 | M11: =SUM(E11-J11) -> 2670 | N11: =+(C11*0.2)/1.2 -> 458.33333 | O11: +
A12: =+A11+1 -> 46032 | B12: 0 | C12: 4870 | D12: 0 | E12: 4870 | F12: =SUM(D12-B12) -> 0 | G12: =SUM(E12-C12) -> 0 | H12: 811.67 | I12: 5700 | J12: 18750 | K12: =+E12+B12 -> 4870 | L12: =SUM(B12-I12) -> -5700 | M12: =SUM(E12-J12) -> -13880 | N12: =+(C12*0.2)/1.2 -> 811.66667
A13: =+A12+1 -> 46033 | B13: 0 | C13: 1070 | D13: 0 | E13: 1070 | F13: =SUM(D13-B13) -> 0 | G13: =SUM(E13-C13) -> 0 | H13: 178.34 | I13: 400 | J13: 2235 | K13: =+E13+B13 -> 1070 | L13: =SUM(B13-I13) -> -400 | M13: =SUM(E13-J13) -> -1165 | N13: =+(C13*0.2)/1.2 -> 178.33333 | O13: +
A14: =+A13+1 -> 46034 | B14: 1800 | C14: 980 | D14: 0 | E14: 980 | F14: =SUM(D14-B14) -> -1800 | G14: =SUM(E14-C14) -> 0 | H14: 180.84 | I14: 590 | J14: 4165 | K14: =+E14+B14 -> 2780 | L14: =SUM(B14-I14) -> 1210 | M14: =SUM(E14-J14) -> -3185 | N14: =+(C14*0.2)/1.2 -> 163.33333 | O14: +
A15: =+A14+1 -> 46035 | B15: 1050 | C15: 1500 | D15: 0 | E15: 1500 | F15: =SUM(D15-B15) -> -1050 | G15: =SUM(E15-C15) -> 0 | H15: 250 | I15: 1510 | J15: 1200 | K15: =+E15+B15 -> 2550 | L15: =SUM(B15-I15) -> -460 | M15: =SUM(E15-J15) -> 300 | N15: =+(C15*0.2)/1.2 -> 250
A16: =+A15+1 -> 46036 | B16: 485 | C16: 2505 | D16: 0 | E16: 2505 | F16: =SUM(D16-B16) -> -485 | G16: =SUM(E16-C16) -> 0 | H16: 417.5 | I16: 295 | J16: 105 | K16: =+E16+B16 -> 2990 | L16: =SUM(B16-I16) -> 190 | M16: =SUM(E16-J16) -> 2400 | N16: =+(C16*0.2)/1.2 -> 417.5
A17: =+A16+1 -> 46037 | B17: 1100 | C17: 2430 | D17: 0 | E17: 2430 | F17: =SUM(D17-B17) -> -1100 | G17: =SUM(E17-C17) -> 0 | H17: 405 | I17: 1505 | J17: 3600 | K17: =+E17+B17 -> 3530 | L17: =SUM(B17-I17) -> -405 | M17: =SUM(E17-J17) -> -1170 | N17: =+(C17*0.2)/1.2 -> 405
A18: =+A17+1 -> 46038 | B18: 1400 | C18: 2560 | D18: 0 | E18: 2560 | F18: =SUM(D18-B18) -> -1400 | G18: =SUM(E18-C18) -> 0 | H18: 426.66 | I18: 205 | J18: 315 | K18: =+E18+B18 -> 3960 | L18: =SUM(B18-I18) -> 1195 | M18: =SUM(E18-J18) -> 2245 | N18: =+(C18*0.2)/1.2 -> 426.66667 | O18: +
A19: =+A18+1 -> 46039 | B19: 570 | C19: 3200 | D19: 0 | E19: 3200 | F19: =SUM(D19-B19) -> -570 | G19: =SUM(E19-C19) -> 0 | H19: 533.33 | I19: 590 | J19: 510 | K19: =+E19+B19 -> 3770 | L19: =SUM(B19-I19) -> -20 | M19: =SUM(E19-J19) -> 2690 | N19: =+(C19*0.2)/1.2 -> 533.33333
A20: =+A19+1 -> 46040 | B20: 1700 | C20: 2030 | D20: 0 | E20: 2030 | F20: =SUM(D20-B20) -> -1700 | G20: =SUM(E20-C20) -> 0 | H20: 363.34 | I20: 60 | J20: 140 | K20: =+E20+B20 -> 3730 | L20: =SUM(B20-I20) -> 1640 | M20: =SUM(E20-J20) -> 1890 | N20: =+(C20*0.2)/1.2 -> 338.33333 | O20: +
A21: =+A20+1 -> 46041 | B21: 600 | C21: 270 | D21: 0 | E21: 270 | F21: =SUM(D21-B21) -> -600 | G21: =SUM(E21-C21) -> 0 | H21: 45 | I21: 1105 | J21: 780 | K21: =+E21+B21 -> 870 | L21: =SUM(B21-I21) -> -505 | M21: =SUM(E21-J21) -> -510 | N21: =+(C21*0.2)/1.2 -> 45
A22: =+A21+1 -> 46042 | B22: 1050 | C22: 880 | D22: 0 | E22: 880 | F22: =SUM(D22-B22) -> -1050 | G22: =SUM(E22-C22) -> 0 | H22: 146.67 | I22: 400 | J22: 0 | K22: =+E22+B22 -> 1930 | L22: =SUM(B22-I22) -> 650 | M22: =SUM(E22-J22) -> 880 | N22: =+(C22*0.2)/1.2 -> 146.66667
A23: =+A22+1 -> 46043 | B23: 400 | C23: 1550 | D23: 0 | E23: 1550 | F23: =SUM(D23-B23) -> -400 | G23: =SUM(E23-C23) -> 0 | H23: 258.33 | I23: 110 | J23: 0 | K23: =+E23+B23 -> 1950 | L23: =SUM(B23-I23) -> 290 | M23: =SUM(E23-J23) -> 1550 | N23: =+(C23*0.2)/1.2 -> 258.33333
A24: =+A23+1 -> 46044 | B24: 530 | C24: 2080 | D24: 0 | E24: 2080 | F24: =SUM(D24-B24) -> -530 | G24: =SUM(E24-C24) -> 0 | H24: 346.67 | I24: 0 | J24: 4160 | K24: =+E24+B24 -> 2610 | L24: =SUM(B24-I24) -> 530 | M24: =SUM(E24-J24) -> -2080 | N24: =+(C24*0.2)/1.2 -> 346.66667
A25: =+A24+1 -> 46045 | B25: 1690 | C25: 2280 | D25: 0 | E25: 2280 | F25: =SUM(D25-B25) -> -1690 | G25: =SUM(E25-C25) -> 0 | H25: 379.99 | I25: 100 | J25: 0 | K25: =+E25+B25 -> 3970 | L25: =SUM(B25-I25) -> 1590 | M25: =SUM(E25-J25) -> 2280 | N25: =+(C25*0.2)/1.2 -> 380 | O25: +
A26: =+A25+1 -> 46046 | B26: 1290 | C26: 9770 | D26: 0 | E26: 9770 | F26: =SUM(D26-B26) -> -1290 | G26: =SUM(E26-C26) -> 0 | H26: 1664.16 | I26: 0 | J26: 945 | K26: =+E26+B26 -> 11060 | L26: =SUM(B26-I26) -> 1290 | M26: =SUM(E26-J26) -> 8825 | N26: =+(C26*0.2)/1.2 -> 1628.3333 | O26: +
A27: =+A26+1 -> 46047 | B27: 0 | C27: 3650 | D27: 0 | E27: 3650 | F27: =SUM(D27-B27) -> 0 | G27: =SUM(E27-C27) -> 0 | H27: 608.34 | I27: 0 | J27: 835 | K27: =+E27+B27 -> 3650 | L27: =SUM(B27-I27) -> 0 | M27: =SUM(E27-J27) -> 2815 | N27: =+(C27*0.2)/1.2 -> 608.33333 | O27: +
A28: =+A27+1 -> 46048 | B28: 30 | C28: 2790 | D28: 0 | E28: 2790 | F28: =SUM(D28-B28) -> -30 | G28: =SUM(E28-C28) -> 0 | H28: 465 | I28: 290 | J28: 1850 | K28: =+E28+B28 -> 2820 | L28: =SUM(B28-I28) -> -260 | M28: =SUM(E28-J28) -> 940 | N28: =+(C28*0.2)/1.2 -> 465
A29: =+A28+1 -> 46049 | B29: 260 | C29: 1825 | D29: 0 | E29: 1825 | F29: =SUM(D29-B29) -> -260 | G29: =SUM(E29-C29) -> 0 | H29: 310.84 | I29: 400 | J29: 8720 | K29: =+E29+B29 -> 2085 | L29: =SUM(B29-I29) -> -140 | M29: =SUM(E29-J29) -> -6895 | N29: =+(C29*0.2)/1.2 -> 304.16667 | O29: +
A30: =+A29+1 -> 46050 | B30: 100 | C30: 1890 | D30: 0 | E30: 1890 | F30: =SUM(D30-B30) -> -100 | G30: =SUM(E30-C30) -> 0 | H30: 314.99 | I30: 480 | J30: 0 | K30: =+E30+B30 -> 1990 | L30: =SUM(B30-I30) -> -380 | M30: =SUM(E30-J30) -> 1890 | N30: =+(C30*0.2)/1.2 -> 315 | O30: +
A31: =+A30+1 -> 46051 | B31: 400 | C31: 1670 | D31: 0 | E31: 1670 | F31: =SUM(D31-B31) -> -400 | G31: =SUM(E31-C31) -> 0 | H31: 278.33 | I31: 100 | J31: 5930 | K31: =+E31+B31 -> 2070 | L31: =SUM(B31-I31) -> 300 | M31: =SUM(E31-J31) -> -4260 | N31: =+(C31*0.2)/1.2 -> 278.33333
A32: =+A31+1 -> 46052 | B32: 1550 | C32: 740 | D32: 0 | E32: 740 | F32: =SUM(D32-B32) -> -1550 | G32: =SUM(E32-C32) -> 0 | H32: =+(C32*0.2)/1.2 -> 123.33333 | I32: 0 | J32: 6250 | K32: =+E32+B32 -> 2290 | L32: =SUM(B32-I32) -> 1550 | M32: =SUM(E32-J32) -> -5510 | N32: =+(C32*0.2)/1.2 -> 123.33333
A33: =+A32+1 -> 46053 | B33: 700 | C33: 1675 | D33: 0 | E33: 1675 | F33: =SUM(D33-B33) -> -700 | G33: =SUM(E33-C33) -> 0 | H33: =335/1.2 -> 279.16667 | I33: 2250 | J33: 510 | K33: =+E33+B33 -> 2375 | L33: =SUM(B33-I33) -> -1550 | M33: =SUM(E33-J33) -> 1165 | N33: =+(C33*0.2)/1.2 -> 279.16667
A34: TOPLAM | F34: =SUM(F3:F33) -> -26035 | G34: =SUM(G3:G33) -> 0 | H34: =SUM(H3:H33) -> 12938.33 | I34: =SUM(I3:I33) -> 26565 | J34: =SUM(J3:J33) -> 73115 | K34: =SUM(K3:K33) -> 104580 | L34: =SUM(L3:L33) -> 170 | M34: =SUM(M3:M33) -> 4730 | N34: =SUM(N3:N33) -> 12974.167 | O34: =+(H34*1.2)*5 -> 77629.98
K35: =AVERAGE(K3:K33) -> 3373.5484
N36: =+(N34*1.2)*5 -> 77845
G37: TOPLAM CİRO | I37: =SUM(K3:K33) -> 104580
G38: TOPLAM HARCAMA | I38: =SUM(+I34+J34) -> 99680
G39: TOPLAM CİRODAN KALAN | I39: =SUM(L34+M34) -> 4900

Sheet GENEL 2025
D4: 1 | E4: OCAK | F4: =+'OCAK GÜNSONU TABLOSU'!I37 -> 97745
D5: 2 | E5: ŞUBAT | F5: =+'ŞUBAT GÜNSONU TABLOSU'!I37 -> 93290
D6: 3 | E6: MART | F6: =+'MART GÜNSONU TABLOSU'!I37 -> 115270
D7: 4 | E7: NİSAN | F7: =+'NİSAN GÜNSONU TABLOSU '!I37 -> 117815
D8: 5 | E8: MAYIS | F8: =+'MAYIS GÜNSONU TABLOSU '!I37 -> 153425
D9: 6 | E9: HAZİRAN | F9: =+'HAZİRAN GÜNSONU TABLOSU '!I37 -> 124265
D10: 7 | E10: TEMMUZ | F10: =+'TEMMUZ GÜNSONU TABLOSU'!I37 -> 110250
D11: 8 | E11: AĞUSTOS | F11: =+'AĞUSTOS GÜNSONU TABLOSU'!I37 -> 116120
D12: 9 | E12: EYLÜL | F12: =+'EYLÜL GÜNSONU TABLOSU '!I37 -> 99290
D13: 10 | E13: EKİM | F13: =+'EKİM 2025'!I37 -> 115090
D14: 11 | E14: KASIM | F14: =+'KASIM 2025'!I37 -> 100670
D15: 12 | E15: ARALIK | F15: =+'ARALIK 2025'!I37 -> 131280
E16: =+F16/365 -> 3765.7808 | F16: =SUM(F4:F15) -> 1374510 | G16: =+F16/12 -> 114542.5

Sheet ARALIK 2025
A2: SATIŞ | B2: NAKİT SATIŞ | C2: KREDİ SATIŞ | D2: Z RAPORU NAKİT | E2: Z RAPORU KREDİ | F2: NAKİT FARK | G2: KREDİ FARK | H2: KDV | I2: NAKİT HARCAMA | J2: KREDİ HARCAMA | K2: CİRO | L2: CEP NAKİT | M2: CEP KREDİ
A3: 45992 | B3: 70 | C3: 2970 | D3: 0 | E3: 2970 | F3: =SUM(D3-B3) -> -70 | G3: =SUM(E3-C3) -> 0 | H3: 461.66 | I3: 595 | J3: 2880 | K3: =+E3+B3 -> 3040 | L3: =SUM(B3-I3) -> -525 | M3: =SUM(E3-J3) -> 90
A4: =+A3+1 -> 45993 | B4: 1000 | C4: 480 | D4: 0 | E4: 480 | F4: =SUM(D4-B4) -> -1000 | G4: =SUM(E4-C4) -> 0 | H4: 80 | I4: 250 | J4: 1165 | K4: =+E4+B4 -> 1480 | L4: =SUM(B4-I4) -> 750 | M4: =SUM(E4-J4) -> -685
A5: =+A4+1 -> 45994 | B5: 400 | C5: 2270 | D5: 0 | E5: 2270 | F5: =SUM(D5-B5) -> -400 | G5: =SUM(E5-C5) -> 0 | H5: 358.33 | I5: 450 | J5: 0 | K5: =+E5+B5 -> 2670 | L5: =SUM(B5-I5) -> -50 | M5: =SUM(E5-J5) -> 2270
A6: =+A5+1 -> 45995 | B6: 2470 | C6: 3220 | D6: 0 | E6: 3220 | F6: =SUM(D6-B6) -> -2470 | G6: =SUM(E6-C6) -> 0 | H6: 549.17 | I6: 125 | J6: 315 | K6: =+E6+B6 -> 5690 | L6: =SUM(B6-I6) -> 2345 | M6: =SUM(E6-J6) -> 2905
A7: =+A6+1 -> 45996 | B7: 250 | C7: 1890 | D7: 0 | E7: 1890 | F7: =SUM(D7-B7) -> -250 | G7: =SUM(E7-C7) -> 0 | H7: 315 | I7: 305 | J7: 0 | K7: =+E7+B7 -> 2140 | L7: =SUM(B7-I7) -> -55 | M7: =SUM(E7-J7) -> 1890
A8: =+A7+1 -> 45997 | B8: 1030 | C8: 1210 | D8: 0 | E8: 1210 | F8: =SUM(D8-B8) -> -1030 | G8: =SUM(E8-C8) -> 0 | H8: 201.67 | I8: 270 | J8: 0 | K8: =+E8+B8 -> 2240 | L8: =SUM(B8-I8) -> 760 | M8: =SUM(E8-J8) -> 1210
A9: =+A8+1 -> 45998 | B9: 1000 | C9: 2125 | D9: 0 | E9: 2125 | F9: =SUM(D9-B9) -> -1000 | G9: =SUM(E9-C9) -> 0 | H9: 354.17 | I9: 565 | J9: 385 | K9: =+E9+B9 -> 3125 | L9: =SUM(B9-I9) -> 435 | M9: =SUM(E9-J9) -> 1740
A10: =+A9+1 -> 45999 | B10: 1650 | C10: 3390 | D10: 0 | E10: 3390 | F10: =SUM(D10-B10) -> -1650 | G10: =SUM(E10-C10) -> 0 | H10: 488.34 | I10: 405 | J10: 0 | K10: =+E10+B10 -> 5040 | L10: =SUM(B10-I10) -> 1245 | M10: =SUM(E10-J10) -> 3390
A11: =+A10+1 -> 46000 | B11: 1000 | C11: 6015 | D11: 0 | E11: 6015 | F11: =SUM(D11-B11) -> -1000 | G11: =SUM(E11-C11) -> 0 | H11: 919.18 | I11: 105 | J11: 0 | K11: =+E11+B11 -> 7015 | L11: =SUM(B11-I11) -> 895 | M11: =SUM(E11-J11) -> 6015
A12: =+A11+1 -> 46001 | B12: 550 | C12: 3810 | D12: 0 | E12: 3810 | F12: =SUM(D12-B12) -> -550 | G12: =SUM(E12-C12) -> 0 | H12: 635.01 | I12: 3475 | J12: 21000 | K12: =+E12+B12 -> 4360 | L12: =SUM(B12-I12) -> -2925 | M12: =SUM(E12-J12) -> -17190
A13: =+A12+1 -> 46002 | B13: 2850 | C13: 3630 | D13: 0 | E13: 3630 | F13: =SUM(D13-B13) -> -2850 | G13: =SUM(E13-C13) -> 0 | H13: 576.66 | I13: 1105 | J13: 455 | K13: =+E13+B13 -> 6480 | L13: =SUM(B13-I13) -> 1745 | M13: =SUM(E13-J13) -> 3175
A14: =+A13+1 -> 46003 | B14: 820 | C14: 4890 | D14: 0 | E14: 4890 | F14: =SUM(D14-B14) -> -820 | G14: =SUM(E14-C14) -> 0 | H14: 815 | I14: 455 | J14: 675 | K14: =+E14+B14 -> 5710 | L14: =SUM(B14-I14) -> 365 | M14: =SUM(E14-J14) -> 4215
A15: =+A14+1 -> 46004 | B15: 2100 | C15: 6915 | D15: 0 | E15: 6915 | F15: =SUM(D15-B15) -> -2100 | G15: =SUM(E15-C15) -> 0 | H15: 1152.51 | I15: 155 | J15: 100 | K15: =+E15+B15 -> 9015 | L15: =SUM(B15-I15) -> 1945 | M15: =SUM(E15-J15) -> 6815
... A33: =+A32+1 -> 46022 | B33: 1500 | C33: 7300 | D33: 0 | E33: 7300 | F33: =SUM(D33-B33) -> -1500 | G33: =SUM(E33-C33) -> 0 | H33: 1216.68 | I33: 950 | J33: 5465 | K33: =+E33+B33 -> 8800 | L33: =SUM(B33-I33) -> 550 | M33: =SUM(E33-J33) -> 1835
A34: TOPLAM | B34: =SUM(B3:B33) -> 32840 | C34: =SUM(C3:C33) -> 98440 | D34: =SUM(D3:D33) -> 0 | E34: =SUM(E3:E33) -> 98440 | F34: =SUM(F3:F33) -> -32840 | G34: =SUM(G3:G33) -> 0 | H34: =SUM(H3:H33) -> 15295.86 | I34: =SUM(I3:I33) -> 30055 | K34: =SUM(K3:K33) -> 131280 | L34: =SUM(L3:L33) -> 2785 | M34: =SUM(M3:M33) -> 7255
G37: TOPLAM CİRO | I37: =SUM(K3:K33) -> 131280
G38: TOPLAM HARCAMA | I38: =SUM(+I34+J34) -> 30055
G39: TOPLAM CİRODAN KALAN | I39: =SUM(L34+M34) -> 10040

Sheet KASIM 2025
A2: SATIŞ | B2: NAKİT SATIŞ | C2: KREDİ SATIŞ | D2: Z RAPORU NAKİT | E2: Z RAPORU KREDİ | F2: NAKİT FARK | G2: KREDİ FARK | H2: KDV | I2: NAKİT HARCAMA | J2: KREDİ HARCAMA | K2: CİRO | L2: CEP NAKİT | M2: CEP KREDİ
A3: 45962 | B3: 2300 | C3: 1895 | D3: 0 | E3: 1895 | F3: =SUM(D3-B3) -> -2300 | G3: =SUM(E3-C3) -> 0 | H3: 331.67 | I3: 440 | J3: 1735 | K3: =+E3+B3 -> 4195 | L3: =SUM(B3-I3) -> 1860 | M3: =SUM(E3-J3) -> 160
A4: =+A3+1 -> 45963 | B4: 370 | C4: 1850 | D4: 0 | E4: 1850 | F4: =SUM(D4-B4) -> -370 | G4: =SUM(E4-C4) -> 0 | H4: 308.33 | I4: 100 | J4: 395 | K4: =+E4+B4 -> 2220 | L4: =SUM(B4-I4) -> 270 | M4: =SUM(E4-J4) -> 1455
A5: =+A4+1 -> 45964 | B5: 640 | C5: 1050 | D5: 0 | E5: 1050 | F5: =SUM(D5-B5) -> -640 | G5: =SUM(E5-C5) -> 0 | H5: 66.67 | I5: 175 | J5: 0 | K5: =+E5+B5 -> 1690 | L5: =SUM(B5-I5) -> 465 | M5: =SUM(E5-J5) -> 1050
A6: =+A5+1 -> 45965 | B6: 1150 | C6: 3370 | D6: 0 | E6: 3370 | F6: =SUM(D6-B6) -> -1150 | G6: =SUM(E6-C6) -> 0 | H6: 527.5 | I6: 890 | J6: 0 | K6: =+E6+B6 -> 4520 | L6: =SUM(B6-I6) -> 260 | M6: =SUM(E6-J6) -> 3370
A7: =+A6+1 -> 45966 | B7: 1200 | C7: 6155 | D7: 0 | E7: 6155 | F7: =SUM(D7-B7) -> -1200 | G7: =SUM(E7-C7) -> 0 | H7: 1030.01 | I7: 655 | J7: 0 | K7: =+E7+B7 -> 7355 | L7: =SUM(B7-I7) -> 545 | M7: =SUM(E7-J7) -> 6155
A8: =+A7+1 -> 45967 | B8: 1200 | C8: 1770 | D8: 0 | E8: 1770 | F8: =SUM(D8-B8) -> -1200 | G8: =SUM(E8-C8) -> 0 | H8: 310.83 | I8: 150 | J8: 700 | K8: =+E8+B8 -> 2970 | L8: =SUM(B8-I8) -> 1050 | M8: =SUM(E8-J8) -> 1070
A9: =+A8+1 -> 45968 | B9: 300 | C9: 1210 | D9: 0 | E9: 1210 | F9: =SUM(D9-B9) -> -300 | G9: =SUM(E9-C9) -> 0 | H9: 201.66 | I9: 1900 | J9: 3305 | K9: =+E9+B9 -> 1510 | L9: =SUM(B9-I9) -> -1600 | M9: =SUM(E9-J9) -> -2095
A10: =+A9+1 -> 45969 | B10: 3370 | C10: 2220 | D10: 0 | E10: 2220 | F10: =SUM(D10-B10) -> -3370 | G10: =SUM(E10-C10) -> 0 | H10: 328.34 | I10: 150 | J10: 0 | K10: =+E10+B10 -> 5590 | L10: =SUM(B10-I10) -> 3220 | M10: =SUM(E10-J10) -> 2220
A11: =+A10+1 -> 45970 | B11: 700 | C11: 2170 | D11: 0 | E11: 2170 | F11: =SUM(D11-B11) -> -700 | G11: =SUM(E11-C11) -> 0 | H11: 374.16 | I11: 305 | J11: 1540 | K11: =+E11+B11 -> 2870 | L11: =SUM(B11-I11) -> 395 | M11: =SUM(E11-J11) -> 630
A12: =+A11+1 -> 45971 | B12: 900 | C12: 4500 | D12: 0 | E12: 4500 | F12: =SUM(D12-B12) -> -900 | G12: =SUM(E12-C12) -> 0 | H12: 750.01 | I12: 160 | J12: 26130 | K12: =+E12+B12 -> 5400 | L12: =SUM(B12-I12) -> 740 | M12: =SUM(E12-J12) -> -21630
A13: =+A12+1 -> 45972 | B13: 250 | C13: 1300 | D13: 0 | E13: 1300 | F13: =SUM(D13-B13) -> -250 | G13: =SUM(E13-C13) -> 0 | H13: 216.67 | I13: 465 | J13: 2310 | K13: =+E13+B13 -> 1550 | L13: =SUM(B13-I13) -> -215 | M13: =SUM(E13-J13) -> -1010
A14: =+A13+1 -> 45973 | B14: 1850 | C14: 2920 | D14: 0 | E14: 2920 | F14: =SUM(D14-B14) -> -1850 | G14: =SUM(E14-C14) -> 0 | H14: 433.34 | I14: 3410 | J14: 8500 | K14: =+E14+B14 -> 4770 | L14: =SUM(B14-I14) -> -1560 | M14: =SUM(E14-J14) -> -5580
A15: =+A14+1 -> 45974 | B15: 1130 | C15: 5040 | D15: 0 | E15: 5040 | F15: =SUM(D15-B15) -> -1130 | G15: =SUM(E15-C15) -> 0 | H15: 773.33 | I15: 1550 | J15: 2320 | K15: =+E15+B15 -> 6170 | L15: =SUM(B15-I15) -> -420 | M15: =SUM(E15-J15) -> 2720
... A30: =+A29+1 -> 45989 | B30: 1500 | C30: 1160 | D30: 0 | E30: 1160 | F30: =SUM(D30-B30) -> -1500 | G30: =SUM(E30-C30) -> 0 | H30: 193.33 | I30: 7975 | J30: 10960 | K30: =+E30+B30 -> 2660 | L30: =SUM(B30-I30) -> -6475 | M30: =SUM(E30-J30) -> -9800
A31: =+A30+1 -> 45990 | F31: =SUM(D31-B31) -> 0 | G31: =SUM(E31-C31) -> 0 | K31: =+E31+B31 -> 0 | L31: =SUM(B31-I31) -> 0 | M31: =SUM(E31-J31) -> 0
A32: =+A31+1 -> 45991 | F32: =SUM(D32-B32) -> 0 | G32: =SUM(E32-C32) -> 0 | K32: =+E32+B32 -> 0 | L32: =SUM(B32-I32) -> 0 | M32: =SUM(E32-J32) -> 0
F33: =SUM(D33-B33) -> 0 | G33: =SUM(E33-C33) -> 0 | K33: =+E33+B33 -> 0 | L33: =SUM(B33-I33) -> 0 | M33: =SUM(E33-J33) -> 0
A34: TOPLAM | B34: =SUM(B3:B33) -> 31130 | C34: =SUM(C3:C33) -> 69540 | E34: =SUM(E3:E33) -> 69540 | F34: =SUM(F3:F33) -> -31130 | G34: =SUM(G3:G33) -> 0 | I34: =SUM(I3:I33) -> 25500 | J34: =SUM(J3:J33) -> 86900 | K34: =SUM(K3:K33) -> 100670 | L34: =SUM(L3:L33) -> 5630 | M34: =SUM(M3:M33) -> -17360
G37: TOPLAM CİRO | I37: =SUM(K3:K33) -> 100670
G38: TOPLAM HARCAMA | I38: =SUM(+I34+J34) -> 112400
G39: TOPLAM CİRODAN KALAN | I39: =SUM(L34+M34) -> -11730

Sheet EKİM 2025
A2: SATIŞ | B2: NAKİT SATIŞ | C2: KREDİ SATIŞ | D2: Z RAPORU NAKİT | E2: Z RAPORU KREDİ | F2: NAKİT FARK | G2: KREDİ FARK | H2: KDV | I2: NAKİT HARCAMA | J2: KREDİ HARCAMA | K2: CİRO | L2: CEP NAKİT | M2: CEP KREDİ
A3: 45931 | B3: 650 | C3: 2280 | D3: 0 | E3: 2280 | F3: =SUM(D3-B3) -> -650 | G3: =SUM(E3-C3) -> 0 | H3: 380 | I3: 1400 | J3: 4150 | K3: =SUM(B3:C3) -> 2930 | L3: =SUM(B3-I3) -> -750 | M3: =SUM(E3-J3) -> -1870
A4: 45932 | B4: 270 | C4: 4070 | D4: 0 | E4: 4070 | F4: =SUM(D4-B4) -> -270 | G4: =SUM(E4-C4) -> 0 | H4: 678.34 | I4: 205 | J4: 0 | K4: =SUM(B4:C4) -> 4340 | L4: =SUM(B4-I4) -> 65 | M4: =SUM(E4-J4) -> 4070
A5: 45933 | B5: 850 | C5: 4640 | D5: 0 | E5: 4640 | F5: =SUM(D5-B5) -> -850 | G5: =SUM(E5-C5) -> 0 | H5: 773.33 | I5: 565 | J5: 0 | K5: =SUM(B5:C5) -> 5490 | L5: =SUM(B5-I5) -> 285 | M5: =SUM(E5-J5) -> 4640
A6: 45934 | B6: 660 | C6: 3625 | D6: 0 | E6: 3625 | F6: =SUM(D6-B6) -> -660 | G6: =SUM(E6-C6) -> 0 | H6: 604.17 | I6: 130 | J6: 0 | K6: =SUM(B6:C6) -> 4285 | L6: =SUM(B6-I6) -> 530 | M6: =SUM(E6-J6) -> 3625
A7: 45935 | B7: 1020 | C7: 2870 | D7: 0 | E7: 2870 | F7: =SUM(D7-B7) -> -1020 | G7: =SUM(E7-C7) -> 0 | H7: 478.33 | I7: 250 | J7: 0 | K7: =SUM(B7:C7) -> 3890 | L7: =SUM(B7-I7) -> 770 | M7: =SUM(E7-J7) -> 2870
A8: 45936 | B8: 1100 | C8: 2400 | D8: 0 | E8: 2400 | F8: =SUM(D8-B8) -> -1100 | G8: =SUM(E8-C8) -> 0 | H8: 400.01 | I8: 500 | J8: 0 | K8: =SUM(B8:C8) -> 3500 | L8: =SUM(B8-I8) -> 600 | M8: =SUM(E8-J8) -> 2400
A9: 45937 | B9: 1750 | C9: 3370 | D9: 0 | E9: 3370 | F9: =SUM(D9-B9) -> -1750 | G9: =SUM(E9-C9) -> 0 | H9: 561.67 | I9: 400 | J9: 1975 | K9: =SUM(B9:C9) -> 5120 | L9: =SUM(B9-I9) -> 1350 | M9: =SUM(E9-J9) -> 1395
A10: 45938 | B10: 250 | C10: 4020 | D10: 0 | E10: 4020 | F10: =SUM(D10-B10) -> -250 | G10: =SUM(E10-C10) -> 0 | H10: 533.34 | I10: 1025 | J10: 400 | K10: =SUM(B10:C10) -> 4270 | L10: =SUM(B10-I10) -> -775 | M10: =SUM(E10-J10) -> 3620
A11: 45939 | B11: 900 | C11: 3925 | D11: 0 | E11: 3925 | F11: =SUM(D11-B11) -> -900 | G11: =SUM(E11-C11) -> 0 | H11: 468.34 | I11: 420 | J11: 725 | K11: =SUM(B11:C11) -> 4825 | L11: =SUM(B11-I11) -> 480 | M11: =SUM(E11-J11) -> 3200
A12: 45940 | B12: 200 | C12: 3040 | D12: 0 | E12: 3040 | F12: =SUM(D12-B12) -> -200 | G12: =SUM(E12-C12) -> 0 | H12: 548.35 | I12: 145 | J12: 25035 | K12: =SUM(B12:C12) -> 3240 | L12: =SUM(B12-I12) -> 55 | M12: =SUM(E12-J12) -> -21995
A13: 45941 | B13: 980 | C13: 2850 | D13: 0 | E13: 2850 | F13: =SUM(D13-B13) -> -980 | G13: =SUM(E13-C13) -> 0 | H13: 233.34 | I13: 120 | J13: 160 | K13: =SUM(B13:C13) -> 3830 | L13: =SUM(B13-I13) -> 860 | M13: =SUM(E13-J13) -> 2690
A14: 45942 | B14: 180 | C14: 5200 | D14: 0 | E14: 5200 | F14: =SUM(D14-B14) -> -180 | G14: =SUM(E14-C14) -> 0 | H14: 866.67 | I14: 460 | J14: 430 | K14: =SUM(B14:C14) -> 5380 | L14: =SUM(B14-I14) -> -280 | M14: =SUM(E14-J14) -> 4770
... A20: 45948 | B20: 1150 | C20: 540 | D20: 0 | E20: 540 | F20: =SUM(D20-B20) -> -1150 | G20: =SUM(E20-C20) -> 0 | H20: 90.17 | I20: 110 | J20: 820 | K20: =SUM(B20:C20) -> 1690 | L20: =SUM(B20-I20) -> 1040 | M20: =SUM(E20-J20) -> -280
A21: 45949 | B21: 470 | C21: 1520 | D21: 0 | E21: 1520 | F21: =SUM(D21-B21) -> -470 | G21: =SUM(E21-C21) -> 0 | I21: 220 | J21: 0 | K21: =SUM(B21:C21) -> 1990 | L21: =SUM(B21-I21) -> 250 | M21: =SUM(E21-J21) -> 1520
A22: 45950 | B22: 720 | C22: 160 | D22: 0 | E22: 160 | F22: =SUM(D22-B22) -> -720 | G22: =SUM(E22-C22) -> 0 | H22: 0 | I22: 1125 | J22: 0 | K22: =SUM(B22:C22) -> 880 | L22: =SUM(B22-I22) -> -405 | M22: =SUM(E22-J22) -> 160
A23: 45951 | B23: 1800 | C23: 1375 | D23: 0 | E23: 1375 | F23: =SUM(D23-B23) -> -1800 | G23: =SUM(E23-C23) -> 0 | H23: 229.16 | I23: 395 | J23: 4055 | K23: =SUM(B23:C23) -> 3175 | L23: =SUM(B23-I23) -> 1405 | M23: =SUM(E23-J23) -> -2680
A24: 45952 | B24: 1720 | C24: 2045 | D24: 0 | E24: 2045 | F24: =SUM(D24-B24) -> -1720 | G24: =SUM(E24-C24) -> 0 | H24: 340.83 | I24: 850 | J24: 0 | K24: =SUM(B24:C24) -> 3765 | L24: =SUM(B24-I24) -> 870 | M24: =SUM(E24-J24) -> 2045
A25: 45953 | B25: 300 | C25: 850 | D25: 0 | E25: 850 | F25: =SUM(D25-B25) -> -300 | G25: =SUM(E25-C25) -> 0 | H25: 141.66 | I25: 440 | J25: 0 | K25: =SUM(B25:C25) -> 1150 | L25: =SUM(B25-I25) -> -140 | M25: =SUM(E25-J25) -> 850
A26: 45954 | B26: 1000 | C26: 4070 | D26: 0 | E26: 4070 | F26: =SUM(D26-B26) -> -1000 | G26: =SUM(E26-C26) -> 0 | H26: 678.33 | I26: 4000 | J26: 3800 | K26: =SUM(B26:C26) -> 5070 | L26: =SUM(B26-I26) -> -3000 | M26: =SUM(E26-J26) -> 270
A27: 45955 | B27: 200 | C27: 6165 | D27: 0 | E27: 6165 | F27: =SUM(D27-B27) -> -200 | G27: =SUM(E27-C27) -> 0 | H27: 1027.51 | I27: 130 | J27: 720 | K27: =SUM(B27:C27) -> 6365 | L27: =SUM(B27-I27) -> 70 | M27: =SUM(E27-J27) -> 5445
A28: 45956 | B28: 1050 | C28: 5610 | D28: 0 | E28: 5610 | F28: =SUM(D28-B28) -> -1050 | G28: =SUM(E28-C28) -> 0 | H28: 935.01 | I28: 500 | J28: 300 | K28: =SUM(B28:C28) -> 6660 | L28: =SUM(B28-I28) -> 550 | M28: =SUM(E28-J28) -> 5310
A29: 45957 | B29: 800 | C29: 3570 | D29: 0 | E29: 3570 | F29: =SUM(D29-B29) -> -800 | G29: =SUM(E29-C29) -> 0 | H29: 595 | I29: 130 | J29: 11780 | K29: =SUM(B29:C29) -> 4370 | L29: =SUM(B29-I29) -> 670 | M29: =SUM(E29-J29) -> -8210
A30: 45958 | B30: 610 | C30: 1880 | D30: 0 | E30: 1880 | F30: =SUM(D30-B30) -> -610 | G30: =SUM(E30-C30) -> 0 | H30: 313.33 | I30: 1820 | J30: 70 | K30: =SUM(B30:C30) -> 2490 | L30: =SUM(B30-I30) -> -1210 | M30: =SUM(E30-J30) -> 1810
A31: 45959 | B31: 700 | C31: 6715 | D31: 0 | E31: 6715 | F31: =SUM(D31-B31) -> -700 | G31: =SUM(E31-C31) -> 0 | H31: 1136.67 | I31: 345 | J31: 925 | K31: =SUM(B31:C31) -> 7415 | L31: =SUM(B31-I31) -> 355 | M31: =SUM(E31-J31) -> 5790
A32: 45960 | B32: 120 | C32: 1480 | D32: 0 | E32: 1480 | F32: =SUM(D32-B32) -> -120 | G32: =SUM(E32-C32) -> 0 | H32: 246.67 | I32: 225 | J32: 3441 | K32: =SUM(B32:C32) -> 1600 | L32: =SUM(B32-I32) -> -105 | M32: =SUM(E32-J32) -> -1961
A33: 45961 | B33: 520 | C33: 6685 | D33: 0 | E33: 6685 | F33: =SUM(D33-B33) -> -520 | G33: =SUM(E33-C33) -> 0 | H33: 1125.84 | I33: 440 | J33: 225 | K33: =SUM(B33:C33) -> 7205 | L33: =SUM(B33-I33) -> 80 | M33: =SUM(E33-J33) -> 6460
A34: TOPLAM | B34: =SUM(B3:B33) -> 22670 | C34: =SUM(C3:C33) -> 92420 | E34: =SUM(E3:E33) -> 92420 | F34: =SUM(F3:F33) -> -22670 | G34: =SUM(G3:G33) -> 0 | H34: =SUM(H3:H33) -> 14613.57 | I34: =SUM(I3:I33) -> 22415 | J34: =SUM(J3:J33) -> 74811 | K34: =SUM(K3:K33) -> 115090 | L34: =SUM(L3:L33) -> 255 | M34: =SUM(M3:M33) -> 17609
K35: =AVERAGE(K3:K33) -> 3712.5806
G37: TOPLAM CİRO | I37: =SUM(K3:K33) -> 115090
G38: TOPLAM HARCAMA | I38: =SUM(+I34+J34) -> 97226
G39: TOPLAM CİRODAN KALAN | I39: =SUM(L34+M34) -> 17864

Sheet Sayfa1

Sheet EYLÜL GÜNSONU TABLOSU 
A2: SATIŞ | B2: NAKİT SATIŞ | C2: KREDİ SATIŞ | D2: Z RAPORU NAKİT | E2: Z RAPORU KREDİ | F2: NAKİT FARK | G2: KREDİ FARK | H2: KDV | I2: NAKİT HARCAMA | J2: KREDİ HARCAMA | K2: CİRO | L2: CEP NAKİT | M2: CEP KREDİ
A3: 45901 | B3: 1320 | C3: 1480 | D3: 0 | E3: 1480 | F3: =SUM(D3-B3) -> -1320 | G3: =SUM(E3-C3) -> 0 | H3: 246.67 | I3: 260 | J3: 5100 | K3: =SUM(B3:C3) -> 2800 | L3: =SUM(B3-I3) -> 1060 | M3: =SUM(E3-J3) -> -3620
A4: 45902 | B4: 900 | C4: 3320 | D4: 0 | E4: 3320 | F4: =SUM(D4-B4) -> -900 | G4: =SUM(E4-C4) -> 0 | H4: 553.34 | I4: 4865 | J4: 1505 | K4: =SUM(B4:C4) -> 4220 | L4: =SUM(B4-I4) -> -3965 | M4: =SUM(E4-J4) -> 1815
A5: 45903 | B5: 770 | C5: 3360 | D5: 0 | E5: 3360 | F5: =SUM(D5-B5) -> -770 | G5: =SUM(E5-C5) -> 0 | H5: 476.67 | I5: 470 | J5: 2215 | K5: =SUM(B5:C5) -> 4130 | L5: =SUM(B5-I5) -> 300 | M5: =SUM(E5-J5) -> 1145
A6: 45904 | B6: 600 | C6: 1140 | D6: 0 | E6: 1140 | F6: =SUM(D6-B6) -> -600 | G6: =SUM(E6-C6) -> 0 | H6: 190 | I6: 690 | J6: 1310 | K6: =SUM(B6:C6) -> 1740 | L6: =SUM(B6-I6) -> -90 | M6: =SUM(E6-J6) -> -170
A7: 45905 | B7: 3475 | C7: 5330 | D7: 0 | E7: 5330 | F7: =SUM(D7-B7) -> -3475 | G7: =SUM(E7-C7) -> 0 | H7: 881.66 | I7: 615 | J7: 250 | K7: =SUM(B7:C7) -> 8805 | L7: =SUM(B7-I7) -> 2860 | M7: =SUM(E7-J7) -> 5080
A8: 45906 | B8: 300 | C8: 2100 | D8: 0 | E8: 2100 | F8: =SUM(D8-B8) -> -300 | G8: =SUM(E8-C8) -> 0 | H8: 350.01 | I8: 190 | J8: 0 | K8: =SUM(B8:C8) -> 2400 | L8: =SUM(B8-I8) -> 110 | M8: =SUM(E8-J8) -> 2100
A9: 45907 | B9: 850 | C9: 140 | D9: 0 | E9: 140 | F9: =SUM(D9-B9) -> -850 | G9: =SUM(E9-C9) -> 0 | H9: 23.33 | I9: 410 | J9: 3840 | K9: =SUM(B9:C9) -> 990 | L9: =SUM(B9-I9) -> 440 | M9: =SUM(E9-J9) -> -3700
A10: 45908 | B10: 500 | C10: 1515 | D10: 0 | E10: 1515 | F10: =SUM(D10-B10) -> -500 | G10: =SUM(E10-C10) -> 0 | H10: 252.49 | I10: 530 | J10: 0 | K10: =SUM(B10:C10) -> 2015 | L10: =SUM(B10-I10) -> -30 | M10: =SUM(E10-J10) -> 1515
A11: 45909 | B11: 750 | C11: 620 | D11: 0 | E11: 620 | F11: =SUM(D11-B11) -> -750 | G11: =SUM(E11-C11) -> 0 | H11: 103.33 | I11: 490 | J11: 0 | K11: =SUM(B11:C11) -> 1370 | L11: =SUM(B11-I11) -> 260 | M11: =SUM(E11-J11) -> 620
A12: 45910 | B12: 1600 | C12: 1530 | D12: 0 | E12: 1530 | F12: =SUM(D12-B12) -> -1600 | G12: =SUM(E12-C12) -> 0 | H12: 261.67 | I12: 6000 | J12: 13500 | K12: =SUM(B12:C12) -> 3130 | L12: =SUM(B12-I12) -> -4400 | M12: =SUM(E12-J12) -> -11970
A13: 45911 | B13: 870 | C13: 5010 | D13: 0 | E13: 5010 | F13: =SUM(D13-B13) -> -870 | G13: =SUM(E13-C13) -> 0 | H13: 834.99 | I13: 400 | J13: 0 | K13: =SUM(B13:C13) -> 5880 | L13: =SUM(B13-I13) -> 470 | M13: =SUM(E13-J13) -> 5010
A14: 45912 | B14: 1800 | C14: 1200 | D14: 0 | E14: 1200 | F14: =SUM(D14-B14) -> -1800 | G14: =SUM(E14-C14) -> 0 | H14: 200.01 | I14: 725 | J14: 6600 | K14: =SUM(B14:C14) -> 3000 | L14: =SUM(B14-I14) -> 1075 | M14: =SUM(E14-J14) -> -5400
... A19: 45917 | B19: 450 | C19: 2940 | D19: 0 | E19: 2940 | F19: =SUM(D19-B19) -> -450 | G19: =SUM(E19-C19) -> 0 | H19: 490 | I19: 6390 | J19: 11000 | K19: =SUM(B19:C19) -> 3390 | L19: =SUM(B19-I19) -> -5940 | M19: =SUM(E19-J19) -> -8060
A20: 45918 | B20: 700 | C20: 2620 | D20: 0 | E20: 2620 | F20: =SUM(D20-B20) -> -700 | G20: =SUM(E20-C20) -> 0 | H20: ? | I20: 500 | J20: 640 | K20: =SUM(B20:C20) -> 3320 | L20: =SUM(B20-I20) -> 200 | M20: =SUM(E20-J20) -> 1980
A21: 45919 | B21: 400 | C21: 3120 | D21: 0 | E21: 3120 | F21: =SUM(D21-B21) -> -400 | G21: =SUM(E21-C21) -> 0 | H21: 520 | I21: 95 | J21: 4290 | K21: =SUM(B21:C21) -> 3520 | L21: =SUM(B21-I21) -> 305 | M21: =SUM(E21-J21) -> -1170
A22: 45920 | B22: 330 | C22: 5520 | D22: 0 | E22: 5520 | F22: =SUM(D22-B22) -> -330 | G22: =SUM(E22-C22) -> 0 | H22: 836.67 | I22: 635 | J22: 0 | K22: =SUM(B22:C22) -> 5850 | L22: =SUM(B22-I22) -> -305 | M22: =SUM(E22-J22) -> 5520
A23: 45921 | B23: 210 | C23: 3435 | D23: 0 | E23: 3435 | F23: =SUM(D23-B23) -> -210 | G23: =SUM(E23-C23) -> 0 | H23: 572.5 | I23: 0 | J23: 0 | K23: =SUM(B23:C23) -> 3645 | L23: =SUM(B23-I23) -> 210 | M23: =SUM(E23-J23) -> 3435
A24: 45922 | B24: 30 | C24: 1890 | D24: 0 | E24: 1890 | F24: =SUM(D24-B24) -> -30 | G24: =SUM(E24-C24) -> 0 | H24: 315 | I24: 0 | J24: 240 | K24: =SUM(B24:C24) -> 1920 | L24: =SUM(B24-I24) -> 30 | M24: =SUM(E24-J24) -> 1650
A25: 45923 | B25: 300 | C25: 2940 | D25: 0 | E25: 2940 | F25: =SUM(D25-B25) -> -300 | G25: =SUM(E25-C25) -> 0 | H25: 490 | I25: 255 | J25: 13705 | K25: =SUM(B25:C25) -> 3240 | L25: =SUM(B25-I25) -> 45 | M25: =SUM(E25-J25) -> -10765
A26: 45924 | B26: 650 | C26: 1770 | D26: 0 | E26: 1770 | F26: =SUM(D26-B26) -> -650 | G26: =SUM(E26-C26) -> 0 | H26: 175 | I26: 200 | J26: 660 | K26: =SUM(B26:C26) -> 2420 | L26: =SUM(B26-I26) -> 450 | M26: =SUM(E26-J26) -> 1110
A27: 45925 | B27: 1130 | C27: 2210 | D27: 0 | E27: 2210 | F27: =SUM(D27-B27) -> -1130 | G27: =SUM(E27-C27) -> 0 | H27: 368.33 | I27: 280 | J27: 380 | K27: =SUM(B27:C27) -> 3340 | L27: =SUM(B27-I27) -> 850 | M27: =SUM(E27-J27) -> 1830
A28: 45926 | B28: 420 | C28: 970 | D28: 0 | E28: 970 | F28: =SUM(D28-B28) -> -420 | G28: =SUM(E28-C28) -> 0 | H28: 151.67 | I28: 315 | J28: 0 | K28: =SUM(B28:C28) -> 1390 | L28: =SUM(B28-I28) -> 105 | M28: =SUM(E28-J28) -> 970
A29: 45927 | B29: 420 | C29: 1870 | D29: 0 | E29: 1870 | F29: =SUM(D29-B29) -> -420 | G29: =SUM(E29-C29) -> 0 | H29: 311.67 | I29: 2200 | J29: 6000 | K29: =SUM(B29:C29) -> 2290 | L29: =SUM(B29-I29) -> -1780 | M29: =SUM(E29-J29) -> -4130
A30: 45928 | B30: 1550 | C30: 2170 | D30: 0 | E30: 2170 | F30: =SUM(D30-B30) -> -1550 | G30: =SUM(E30-C30) -> 0 | H30: 361.66 | I30: 100 | J30: 0 | K30: =SUM(B30:C30) -> 3720 | L30: =SUM(B30-I30) -> 1450 | M30: =SUM(E30-J30) -> 2170
A31: 45929 | B31: 400 | C31: 3820 | D31: 0 | E31: 3820 | F31: =SUM(D31-B31) -> -400 | G31: =SUM(E31-C31) -> 0 | H31: 420 | I31: 270 | J31: 4425 | K31: =SUM(B31:C31) -> 4220 | L31: =SUM(B31-I31) -> 130 | M31: =SUM(E31-J31) -> -605
A32: 45930 | B32: 650 | C32: 650 | D32: 0 | E32: 650 | F32: =SUM(D32-B32) -> -650 | G32: =SUM(E32-C32) -> 0 | H32: 58.33 | I32: 135 | J32: 0 | K32: =SUM(B32:C32) -> 1300 | L32: =SUM(B32-I32) -> 515 | M32: =SUM(E32-J32) -> 650
A34: TOPLAM | B34: =SUM(B3:B33) -> 26185 | C34: =SUM(C3:C33) -> 73105 | E34: =SUM(E3:E33) -> 73105 | F34: =SUM(F3:F33) -> -26185 | G34: =SUM(G3:G33) -> 0 | I34: =SUM(I3:I33) -> 28120 | J34: =SUM(J3:J33) -> 76035 | K34: =SUM(K3:K33) -> 99290 | L34: =SUM(L3:L33) -> -1935 | M34: =SUM(M3:M33) -> -2930
K35: =AVERAGE(K3:K32) -> 3309.6667
G37: TOPLAM CİRO | I37: =SUM(K3:K33) -> 99290
G38: TOPLAM HARCAMA | I38: =SUM(+I34+J34) -> 104155
G39: TOPLAM CİRODAN KALAN | I39: =SUM(L34+M34) -> -4865

Sheet AĞUSTOS GÜNSONU TABLOSU
A2: SATIŞ | B2: NAKİT SATIŞ | C2: KREDİ SATIŞ | D2: Z RAPORU NAKİT | E2: Z RAPORU KREDİ | F2: NAKİT FARK | G2: KREDİ FARK | H2: KDV | I2: NAKİT HARCAMA | J2: KREDİ HARCAMA | K2: CİRO | L2: CEP NAKİT | M2: CEP KREDİ
A3: 45870 | B3: 220 | C3: 3320 | D3: 0 | E3: 3320 | F3: =SUM(D3-B3) -> -220 | G3: =SUM(E3-C3) -> 0 | H3: 403.35 | I3: 125 | J3: 265 | K3: =SUM(B3:C3) -> 3540 | L3: =SUM(B3-I3) -> 95 | M3: =SUM(E3-J3) -> 3055
A4: 45871 | B4: 400 | C4: 2905 | D4: 0 | E4: 2905 | F4: =SUM(D4-B4) -> -400 | G4: =SUM(E4-C4) -> 0 | H4: 390 | I4: 685 | J4: 0 | K4: =SUM(B4:C4) -> 3305 | L4: =SUM(B4-I4) -> -285 | M4: =SUM(E4-J4) -> 2905
A5: 45872 | B5: 350 | C5: 3250 | D5: 0 | E5: 3250 | F5: =SUM(D5-B5) -> -350 | G5: =SUM(E5-C5) -> 0 | H5: 541.66 | I5: 750 | J5: 462 | K5: =SUM(B5:C5) -> 3600 | L5: =SUM(B5-I5) -> -400 | M5: =SUM(E5-J5) -> 2788
A6: 45873 | B6: 370 | C6: 2960 | D6: 0 | E6: 2960 | F6: =SUM(D6-B6) -> -370 | G6: =SUM(E6-C6) -> 0 | H6: 493.33 | I6: 810 | J6: 810 | K6: =SUM(B6:C6) -> 3330 | L6: =SUM(B6-I6) -> -440 | M6: =SUM(E6-J6) -> 2150
A7: 45874 | B7: 200 | C7: 2745 | D7: 0 | E7: 2745 | F7: =SUM(D7-B7) -> -200 | G7: =SUM(E7-C7) -> 0 | H7: 457.5 | I7: 540 | J7: 560 | K7: =SUM(B7:C7) -> 2945 | L7: =SUM(B7-I7) -> -340 | M7: =SUM(E7-J7) -> 2185
A8: 45875 | B8: 1370 | C8: 2120 | D8: 0 | E8: 2120 | F8: =SUM(D8-B8) -> -1370 | G8: =SUM(E8-C8) -> 0 | H8: 353.33 | I8: 550 | J8: 0 | K8: =SUM(B8:C8) -> 3490 | L8: =SUM(B8-I8) -> 820 | M8: =SUM(E8-J8) -> 2120
A9: 45876 | B9: 1570 | C9: 6020 | D9: 0 | E9: 6020 | F9: =SUM(D9-B9) -> -1570 | G9: =SUM(E9-C9) -> 0 | H9: 1003.33 | I9: 390 | J9: 0 | K9: =SUM(B9:C9) -> 7590 | L9: =SUM(B9-I9) -> 1180 | M9: =SUM(E9-J9) -> 6020
A10: 45877 | B10: 680 | C10: 990 | D10: 0 | E10: 990 | F10: =SUM(D10-B10) -> -680 | G10: =SUM(E10-C10) -> 0 | H10: 118.33 | I10: 780 | J10: 2400 | K10: =SUM(B10:C10) -> 1670 | L10: =SUM(B10-I10) -> -100 | M10: =SUM(E10-J10) -> -1410
A11: 45878 | B11: 0 | C11: 5370 | D11: 0 | E11: 5370 | F11: =SUM(D11-B11) -> 0 | G11: =SUM(E11-C11) -> 0 | H11: 895 | I11: 380 | J11: 0 | K11: =SUM(B11:C11) -> 5370 | L11: =SUM(B11-I11) -> -380 | M11: =SUM(E11-J11) -> 5370
A12: 45879 | B12: 200 | C12: 3930 | D12: 0 | E12: 3930 | F12: =SUM(D12-B12) -> -200 | G12: =SUM(E12-C12) -> 0 | H12: 655 | I12: 685 | J12: 5250 | K12: =SUM(B12:C12) -> 4130 | L12: =SUM(B12-I12) -> -485 | M12: =SUM(E12-J12) -> -1320
A13: 45880 | B13: 600 | C13: =1140+2940 -> 4080 | D13: 0 | E13: 2940 | F13: =SUM(D13-B13) -> -600 | G13: =SUM(E13-C13) -> -1140 | H13: 504.18 | I13: =160+2000 -> 2160 | J13: =22000+1400 -> 23400 | K13: =SUM(B13:C13) -> 4680 | L13: =SUM(B13-I13) -> -1560 | M13: =SUM(E13-J13) -> -20460
A14: 45881 | B14: 790 | C14: 3665 | D14: 0 | E14: 3665 | F14: =SUM(D14-B14) -> -790 | G14: =SUM(E14-C14) -> 0 | H14: 610.84 | I14: 370 | J14: 0 | K14: =SUM(B14:C14) -> 4455 | L14: =SUM(B14-I14) -> 420 | M14: =SUM(E14-J14) -> 3665
A15: 45882 | B15: 125 | C15: 1970 | D15: 0 | E15: 1970 | F15: =SUM(D15-B15) -> -125 | G15: =SUM(E15-C15) -> 0 | H15: 328.33 | I15: 300 | J15: 450 | K15: =SUM(B15:C15) -> 2095 | L15: =SUM(B15-I15) -> -175 | M15: =SUM(E15-J15) -> 1520
A16: 45883 | B16: 795 | C16: 3360 | D16: 0 | E16: 3360 | F16: =SUM(D16-B16) -> -795 | G16: =SUM(E16-C16) -> 0 | H16: 559.99 | I16: 300 | J16: 7600 | K16: =SUM(B16:C16) -> 4155 | L16: =SUM(B16-I16) -> 495 | M16: =SUM(E16-J16) -> -4240
A17: 45884 | B17: 700 | C17: 2730 | D17: 0 | E17: 2730 | F17: =SUM(D17-B17) -> -700 | G17: =SUM(E17-C17) -> 0 | H17: 393.34 | I17: 220 | J17: 0 | K17: =SUM(B17:C17) -> 3430 | L17: =SUM(B17-I17) -> 480 | M17: =SUM(E17-J17) -> 2730
A18: 45885 | B18: 2650 | C18: 3685 | D18: 0 | E18: 3685 | F18: =SUM(D18-B18) -> -2650 | G18: =SUM(E18-C18) -> 0 | H18: 635.01 | I18: 180 | J18: 0 | K18: =SUM(B18:C18) -> 6335 | L18: =SUM(B18-I18) -> 2470 | M18: =SUM(E18-J18) -> 3685
A19: 45886 | B19: 1050 | C19: 3650 | D19: 0 | E19: 3650 | F19: =SUM(D19-B19) -> -1050 | G19: =SUM(E19-C19) -> 0 | H19: 508.32 | I19: 495 | J19: 0 | K19: =SUM(B19:C19) -> 4700 | L19: =SUM(B19-I19) -> 555 | M19: =SUM(E19-J19) -> 3650
A20: 45887 | B20: 1400 | C20: 3900 | D20: 0 | E20: 3900 | F20: =SUM(D20-B20) -> -1400 | G20: =SUM(E20-C20) -> 0 | H20: 605 | I20: 550 | J20: 8020 | K20: =SUM(B20:C20) -> 5300 | L20: =SUM(B20-I20) -> 850 | M20: =SUM(E20-J20) -> -4120
A21: 45888 | B21: 500 | C21: 5500 | D21: 0 | E21: 5500 | F21: =SUM(D21-B21) -> -500 | G21: =SUM(E21-C21) -> 0 | H21: 793.33 | I21: 1705 | J21: 0 | K21: =SUM(B21:C21) -> 6000 | L21: =SUM(B21-I21) -> -1205 | M21: =SUM(E21-J21) -> 5500
A22: 45889 | B22: 2345 | C22: 1390 | D22: 0 | E22: 1390 | F22: =SUM(D22-B22) -> -2345 | G22: =SUM(E22-C22) -> 0 | H22: 231.66 | I22: 865 | J22: 920 | K22: =SUM(B22:C22) -> 3735 | L22: =SUM(B22-I22) -> 1480 | M22: =SUM(E22-J22) -> 470
A23: 45890 | B23: 1150 | C23: 2130 | D23: 0 | E23: 2130 | F23: =SUM(D23-B23) -> -1150 | G23: =SUM(E23-C23) -> 0 | H23: 355 | I23: 1150 | J23: 160 | K23: =SUM(B23:C23) -> 3280 | L23: =SUM(B23-I23) -> 0 | M23: =SUM(E23-J23) -> 1970
A24: 45891 | B24: 650 | C24: 1730 | D24: 0 | E24: 1730 | F24: =SUM(D24-B24) -> -650 | G24: =SUM(E24-C24) -> 0 | H24: 288.33 | I24: 880 | J24: 4470 | K24: =SUM(B24:C24) -> 2380 | L24: =SUM(B24-I24) -> -230 | M24: =SUM(E24-J24) -> -2740
A25: 45892 | B25: 900 | C25: 3170 | D25: 0 | E25: 3170 | F25: =SUM(D25-B25) -> -900 | G25: =SUM(E25-C25) -> 0 | H25: 528.34 | I25: 0 | J25: 2900 | K25: =SUM(B25:C25) -> 4070 | L25: =SUM(B25-I25) -> 900 | M25: =SUM(E25-J25) -> 270
... A33: 45900 | B33: 200 | C33: 810 | D33: 0 | E33: 810 | F33: =SUM(D33-B33) -> -200 | G33: =SUM(E33-C33) -> 0 | H33: 135 | I33: 0 | J33: 0 | K33: =SUM(B33:C33) -> 1010 | L33: =SUM(B33-I33) -> 200 | M33: =SUM(E33-J33) -> 810
A34: TOPLAM | B34: =SUM(B3:B33) -> 22515 | C34: =SUM(C3:C33) -> 93605 | E34: =SUM(E3:E33) -> 92465 | F34: =SUM(F3:F33) -> -22515 | G34: =SUM(G3:G33) -> -1140 | I34: =SUM(I3:I33) -> 16615 | J34: =SUM(J3:J33) -> 78384 | K34: =SUM(K3:K33) -> 116120 | L34: =SUM(L3:L33) -> 5900 | M34: =SUM(M3:M33) -> 14081
G37: TOPLAM CİRO | I37: =SUM(K3:K33) -> 116120
G38: TOPLAM HARCAMA | I38: =SUM(+I34+J34) -> 94999
G39: TOPLAM CİRODAN KALAN | I39: =SUM(L34+M34) -> 19981

Sheet TEMMUZ GÜNSONU TABLOSU
A2: SATIŞ | B2: NAKİT SATIŞ | C2: KREDİ SATIŞ | D2: Z RAPORU NAKİT | E2: Z RAPORU KREDİ | F2: NAKİT FARK | G2: KREDİ FARK | H2: KDV | I2: NAKİT HARCAMA | J2: KREDİ HARCAMA | K2: CİRO | L2: CEP NAKİT | M2: CEP KREDİ
A3: 45839 | B3: 850 | C3: 2315 | D3: 0 | E3: 2315 | F3: =SUM(D3-B3) -> -850 | G3: =SUM(E3-C3) -> 0 | H3: 362.49 | I3: 700 | J3: 4530 | K3: =SUM(B3:C3) -> 3165 | L3: =SUM(B3-I3) -> 150 | M3: =SUM(E3-J3) -> -2215
A4: 45840 | B4: 430 | C4: 1460 | D4: 0 | E4: 1460 | F4: =SUM(D4-B4) -> -430 | G4: =SUM(E4-C4) -> 0 | H4: 243.33 | I4: 350 | J4: 220 | K4: =SUM(B4:C4) -> 1890 | L4: =SUM(B4-I4) -> 80 | M4: =SUM(E4-J4) -> 1240
A5: 45841 | B5: 1160 | C5: 3810 | D5: 0 | E5: 3810 | F5: =SUM(D5-B5) -> -1160 | G5: =SUM(E5-C5) -> 0 | H5: 640 | I5: 50 | J5: 150 | K5: =SUM(B5:C5) -> 4970 | L5: =SUM(B5-I5) -> 1110 | M5: =SUM(E5-J5) -> 3660
A6: 45842 | B6: 800 | C6: 2630 | D6: 0 | E6: 2630 | F6: =SUM(D6-B6) -> -800 | G6: =SUM(E6-C6) -> 0 | H6: 438.34 | I6: 360 | J6: 0 | K6: =SUM(B6:C6) -> 3430 | L6: =SUM(B6-I6) -> 440 | M6: =SUM(E6-J6) -> 2630
A7: 45843 | B7: 200 | C7: 550 | D7: 0 | E7: 550 | F7: =SUM(D7-B7) -> -200 | G7: =SUM(E7-C7) -> 0 | H7: 91.67 | I7: 300 | J7: 0 | K7: =SUM(B7:C7) -> 750 | L7: =SUM(B7-I7) -> -100 | M7: =SUM(E7-J7) -> 550
A8: 45844 | B8: 150 | C8: 1100 | D8: 0 | E8: 1100 | F8: =SUM(D8-B8) -> -150 | G8: =SUM(E8-C8) -> 0 | H8: 187.5 | I8: 500 | J8: 0 | K8: =SUM(B8:C8) -> 1250 | L8: =SUM(B8-I8) -> -350 | M8: =SUM(E8-J8) -> 1100
A9: 45845 | B9: 200 | C9: 4370 | D9: 0 | E9: 4370 | F9: =SUM(D9-B9) -> -200 | G9: =SUM(E9-C9) -> 0 | H9: 728.34 | I9: 300 | J9: 250 | K9: =SUM(B9:C9) -> 4570 | L9: =SUM(B9-I9) -> -100 | M9: =SUM(E9-J9) -> 4120
A10: 45846 | B10: 0 | C10: 2360 | D10: 40 | E10: 2160 | F10: =SUM(D10-B10) -> 40 | G10: =SUM(E10-C10) -> -200 | H10: 366.67 | I10: 460 | J10: 0 | K10: =SUM(B10:C10) -> 2360 | L10: =SUM(B10-I10) -> -460 | M10: =SUM(E10-J10) -> 2160
A11: 45847 | B11: 500 | C11: =2170+800 -> 2970 | D11: 0 | E11: 2170 | F11: =SUM(D11-B11) -> -500 | G11: =SUM(E11-C11) -> -800 | H11: 361.67 | I11: =280+400+200 -> 880 | J11: 0 | K11: =SUM(B11:C11) -> 3470 | L11: =SUM(B11-I11) -> -380 | M11: =SUM(E11-J11) -> 2170
A12: 45848 | B12: 1290 | C12: =1100+570 -> 1670 | D12: 0 | E12: 1100 | F12: =SUM(D12-B12) -> -1290 | G12: =SUM(E12-C12) -> -570 | H12: 183.33 | I12: 1200 | J12: =1615+735+19310 -> 21660 | K12: =SUM(B12:C12) -> 2960 | L12: =SUM(B12-I12) -> 90 | M12: =SUM(E12-J12) -> -20560
A13: 45849 | B13: 650 | C13: =1515+570 -> 2085 | D13: 85 | E13: 1515 | F13: =SUM(D13-B13) -> -565 | G13: =SUM(E13-C13) -> -570 | H13: 252.5 | I13: 375 | J13: 0 | K13: =SUM(B13:C13) -> 2735 | L13: =SUM(B13-I13) -> 275 | M13: =SUM(E13-J13) -> 1515
A14: 45850 | B14: 250 | C14: 4325 | D14: 0 | E14: 4325 | F14: =SUM(D14-B14) -> -250 | G14: =SUM(E14-C14) -> 0 | H14: 725.01 | I14: 180 | J14: 300 | K14: =SUM(B14:C14) -> 4575 | L14: =SUM(B14-I14) -> 70 | M14: =SUM(E14-J14) -> 4025
A15: 45851 | B15: 600 | C15: 1950 | D15: 0 | E15: 1950 | F15: =SUM(D15-B15) -> -600 | G15: =SUM(E15-C15) -> 0 | H15: 325 | I15: 180 | J15: 0 | K15: =SUM(B15:C15) -> 2550 | L15: =SUM(B15-I15) -> 420 | M15: =SUM(E15-J15) -> 1950
A16: 45852 | B16: 230 | C16: 50 | D16: 0 | E16: 50 | F16: =SUM(D16-B16) -> -230 | G16: =SUM(E16-C16) -> 0 | H16: 8.33 | I16: =1500+100+50 -> 1650 | J16: =620+7000 -> 7620 | K16: =SUM(B16:C16) -> 280 | L16: =SUM(B16-I16) -> -1420 | M16: =SUM(E16-J16) -> -7570
A17: 45853 | B17: 3700 | C17: =2825+820 -> 3645 | D17: 0 | E17: 2825 | F17: =SUM(D17-B17) -> -3700 | G17: =SUM(E17-C17) -> -820 | H17: 513.35 | I17: 0 | J17: 0 | K17: =SUM(B17:C17) -> 7345 | L17: =SUM(B17-I17) -> 3700 | M17: =SUM(E17-J17) -> 2825
A18: 45854 | B18: 400 | C18: 1470 | D18: 0 | E18: 1470 | F18: =SUM(D18-B18) -> -400 | G18: =SUM(E18-C18) -> 0 | H18: 245 | I18: =55+450+100 -> 605 | J18: 4050 | K18: =SUM(B18:C18) -> 1870 | L18: =SUM(B18-I18) -> -205 | M18: =SUM(E18-J18) -> -2580
A19: 45855 | B19: 1450 | C19: 3460 | D19: 0 | E19: 3460 | F19: =SUM(D19-B19) -> -1450 | G19: =SUM(E19-C19) -> 0 | H19: 346.66 | I19: 0 | J19: 250 | K19: =SUM(B19:C19) -> 4910 | L19: =SUM(B19-I19) -> 1450 | M19: =SUM(E19-J19) -> 3210
A20: 45856 | B20: 630 | C20: 7775 | D20: 0 | E20: 7775 | F20: =SUM(D20-B20) -> -630 | G20: =SUM(E20-C20) -> 0 | H20: 1332.5 | I20: 600 | J20: 650 | K20: =SUM(B20:C20) -> 8405 | L20: =SUM(B20-I20) -> 30 | M20: =SUM(E20-J20) -> 7125
A21: 45857 | B21: 450 | C21: 5480 | D21: 0 | E21: 5480 | F21: =SUM(D21-B21) -> -450 | G21: =SUM(E21-C21) -> 0 | H21: 913.32 | I21: 310 | J21: 385 | K21: =SUM(B21:C21) -> 5930 | L21: =SUM(B21-I21) -> 140 | M21: =SUM(E21-J21) -> 5095
A22: 45858 | B22: 1745 | C22: 3340 | D22: 0 | E22: 3340 | F22: =SUM(D22-B22) -> -1745 | G22: =SUM(E22-C22) -> 0 | H22: 603.32 | I22: 720 | J22: 0 | K22: =SUM(B22:C22) -> 5085 | L22: =SUM(B22-I22) -> 1025 | M22: =SUM(E22-J22) -> 3340
A23: 45859 | B23: 750 | C23: 2290 | D23: 0 | E23: 2290 | F23: =SUM(D23-B23) -> -750 | G23: =SUM(E23-C23) -> 0 | H23: 381.66 | I23: 730 | J23: 19368 | K23: =SUM(B23:C23) -> 3040 | L23: =SUM(B23-I23) -> 20 | M23: =SUM(E23-J23) -> -17078
A24: 45860 | B24: 370 | C24: 1720 | D24: 0 | E24: 1720 | F24: =SUM(D24-B24) -> -370 | G24: =SUM(E24-C24) -> 0 | H24: 268.67 | I24: 0 | J24: 293 | K24: =SUM(B24:C24) -> 2090 | L24: =SUM(B24-I24) -> 370 | M24: =SUM(E24-J24) -> 1427
A25: 45861 | B25: 600 | C25: 2580 | D25: 0 | E25: 2580 | F25: =SUM(D25-B25) -> -600 | G25: =SUM(E25-C25) -> 0 | H25: 296.67 | I25: 215 | J25: 1850 | K25: =SUM(B25:C25) -> 3180 | L25: =SUM(B25-I25) -> 385 | M25: =SUM(E25-J25) -> 730
A26: 45862 | B26: 2600 | C26: 2200 | D26: 0 | E26: 2200 | F26: =SUM(D26-B26) -> -2600 | G26: =SUM(E26-C26) -> 0 | H26: 383.34 | I26: 1060 | J26: 1030 | K26: =SUM(B26:C26) -> 4800 | L26: =SUM(B26-I26) -> 1540 | M26: =SUM(E26-J26) -> 1170
A27: 45863 | B27: 410 | C27: 4210 | D27: 0 | E27: 4210 | F27: =SUM(D27-B27) -> -410 | G27: =SUM(E27-C27) -> 0 | H27: 701.68 | I27: 1680 | J27: 0 | K27: =SUM(B27:C27) -> 4620 | L27: =SUM(B27-I27) -> -1270 | M27: =SUM(E27-J27) -> 4210
A28: 45864 | B28: 220 | C28: 3020 | D28: 0 | E28: 3020 | F28: =SUM(D28-B28) -> -220 | G28: =SUM(E28-C28) -> 0 | H28: 518.34 | I28: 700 | J28: 290 | K28: =SUM(B28:C28) -> 3240 | L28: =SUM(B28-I28) -> -480 | M28: =SUM(E28-J28) -> 2730
A29: 45865 | B29: 1110 | C29: 4880 | D29: 0 | E29: 4880 | F29: =SUM(D29-B29) -> -1110 | G29: =SUM(E29-C29) -> 0 | H29: 813.34 | I29: 300 | J29: 0 | K29: =SUM(B29:C29) -> 5990 | L29: =SUM(B29-I29) -> 810 | M29: =SUM(E29-J29) -> 4880
A30: 45866 | B30: 970 | C30: 2240 | D30: 0 | E30: 2240 | F30: =SUM(D30-B30) -> -970 | G30: =SUM(E30-C30) -> 0 | H30: 373.33 | I30: 300 | J30: 15325 | K30: =SUM(B30:C30) -> 3210 | L30: =SUM(B30-I30) -> 670 | M30: =SUM(E30-J30) -> -13085
... A33: 45869 | B33: 1250 | C33: 1050 | D33: 0 | E33: 1050 | F33: =SUM(D33-B33) -> -1250 | G33: =SUM(E33-C33) -> 0 | H33: 175 | I33: 950 | J33: 650 | K33: =SUM(B33:C33) -> 2300 | L33: =SUM(B33-I33) -> 300 | M33: =SUM(E33-J33) -> 400
A34: TOPLAM | B34: =SUM(B3:B33) -> 25675 | C34: =SUM(C3:C33) -> 84575 | E34: =SUM(E3:E33) -> 81615 | F34: =SUM(F3:F33) -> -25550 | G34: =SUM(G3:G33) -> -2960 | I34: =SUM(I3:I33) -> 20585 | J34: =SUM(J3:J33) -> 84185 | K34: =SUM(K3:K33) -> 110250 | L34: =SUM(L3:L33) -> 5090 | M34: =SUM(M3:M33) -> -2570
G37: TOPLAM CİRO | I37: =SUM(K3:K33) -> 110250
G38: TOPLAM HARCAMA | I38: =SUM(+I34+J34) -> 104770
G39: TOPLAM CİRODAN KALAN | I39: =SUM(L34+M34) -> 2520

Sheet HAZİRAN GÜNSONU TABLOSU  
A2: SATIŞ | B2: NAKİT SATIŞ | C2: KREDİ SATIŞ | D2: Z RAPORU NAKİT | E2: Z RAPORU KREDİ | F2: NAKİT FARK | G2: KREDİ FARK | H2: KDV | I2: NAKİT HARCAMA | J2: KREDİ HARCAMA | K2: CİRO | L2: CEP NAKİT | M2: CEP KREDİ
A3: 45809 | B3: 850 | C3: 1740 | D3: 0 | E3: 1740 | F3: =SUM(D3-B3) -> -850 | G3: =SUM(E3-C3) -> 0 | H3: 290.01 | I3: 320 | J3: 360 | K3: =SUM(B3:C3) -> 2590 | L3: =SUM(B3-I3) -> 530 | M3: =SUM(E3-J3) -> 1380
A4: 45810 | B4: 450 | C4: 3910 | D4: 0 | E4: 3910 | F4: =SUM(D4-B4) -> -450 | G4: =SUM(E4-C4) -> 0 | H4: 585.01 | I4: 1450 | J4: 80 | K4: =SUM(B4:C4) -> 4360 | L4: =SUM(B4-I4) -> -1000 | M4: =SUM(E4-J4) -> 3830
A5: 45811 | B5: 150 | C5: 6670 | D5: 0 | E5: 6670 | F5: =SUM(D5-B5) -> -150 | G5: =SUM(E5-C5) -> 0 | H5: 1003.33 | I5: 100 | J5: 0 | K5: =SUM(B5:C5) -> 6820 | L5: =SUM(B5-I5) -> 50 | M5: =SUM(E5-J5) -> 6670
A6: 45812 | B6: 2050 | C6: 5660 | D6: 0 | E6: 5660 | F6: =SUM(D6-B6) -> -2050 | G6: =SUM(E6-C6) -> 0 | H6: 985.01 | I6: 0 | J6: 7765 | K6: =SUM(B6:C6) -> 7710 | L6: =SUM(B6-I6) -> 2050 | M6: =SUM(E6-J6) -> -2105
A7: 45813 | B7: 2300 | C7: 5210 | D7: 0 | E7: 5210 | F7: =SUM(D7-B7) -> -2300 | G7: =SUM(E7-C7) -> 0 | H7: 823.32 | I7: 100 | J7: 500 | K7: =SUM(B7:C7) -> 7510 | L7: =SUM(B7-I7) -> 2200 | M7: =SUM(E7-J7) -> 4710
A8: 45814 | B8: 0 | C8: 0 | D8: 0 | E8: 0 | F8: =SUM(D8-B8) -> 0 | G8: 0 | H8: 0 | I8: 550 | J8: 1420 | K8: =SUM(B8:C8) -> 0 | L8: =SUM(B8-I8) -> -550 | M8: =SUM(E8-J8) -> -1420
A9: 45815 | B9: 0 | C9: 0 | D9: 0 | E9: 0 | F9: =SUM(D9-B9) -> 0 | G9: =SUM(E9-C9) -> 0 | H9: 0 | I9: 840 | J9: 0 | K9: =SUM(B9:C9) -> 0 | L9: =SUM(B9-I9) -> -840 | M9: =SUM(E9-J9) -> 0
A10: 45816 | B10: 770 | C10: 120 | D10: 0 | E10: 120 | F10: =SUM(D10-B10) -> -770 | G10: =SUM(E10-C10) -> 0 | H10: 20 | I10: 400 | J10: 0 | K10: =SUM(B10:C10) -> 890 | L10: =SUM(B10-I10) -> 370 | M10: =SUM(E10-J10) -> 120
A11: 45817 | B11: 1120 | C11: 720 | D11: 0 | E11: 720 | F11: =SUM(D11-B11) -> -1120 | G11: =SUM(E11-C11) -> 0 | H11: 120 | I11: 0 | J11: 930 | K11: =SUM(B11:C11) -> 1840 | L11: =SUM(B11-I11) -> 1120 | M11: =SUM(E11-J11) -> -210
A12: 45818 | B12: 870 | C12: 2910 | D12: 0 | E12: 2910 | F12: =SUM(D12-B12) -> -870 | G12: =SUM(E12-C12) -> 0 | H12: 485 | I12: 430 | J12: 24195 | K12: =SUM(B12:C12) -> 3780 | L12: =SUM(B12-I12) -> 440 | M12: =SUM(E12-J12) -> -21285
A13: 45819 | B13: 3950 | C13: 3470 | D13: 0 | E13: 3470 | F13: =SUM(D13-B13) -> -3950 | G13: =SUM(E13-C13) -> 0 | H13: 461.66 | I13: 600 | J13: 6000 | K13: =SUM(B13:C13) -> 7420 | L13: =SUM(B13-I13) -> 3350 | M13: =SUM(E13-J13) -> -2530
A14: 45820 | B14: 1070 | C14: 3600 | D14: 0 | E14: 3600 | F14: =SUM(D14-B14) -> -1070 | G14: =SUM(E14-C14) -> 0 | H14: 600 | I14: 115 | J14: 0 | K14: =SUM(B14:C14) -> 4670 | L14: =SUM(B14-I14) -> 955 | M14: =SUM(E14-J14) -> 3600
A15: 45821 | B15: 1400 | C15: 6650 | D15: 0 | E15: 6650 | F15: =SUM(D15-B15) -> -1400 | G15: =SUM(E15-C15) -> 0 | H15: 1108.34 | I15: 550 | J15: 0 | K15: =SUM(B15:C15) -> 8050 | L15: =SUM(B15-I15) -> 850 | M15: =SUM(E15-J15) -> 6650
A16: 45822 | B16: 2450 | C16: 3830 | D16: 0 | E16: 3830 | F16: =SUM(D16-B16) -> -2450 | G16: =SUM(E16-C16) -> 0 | H16: 638.34 | I16: 9400 | J16: 8550 | K16: =SUM(B16:C16) -> 6280 | L16: =SUM(B16-I16) -> -6950 | M16: =SUM(E16-J16) -> -4720
A17: 45823 | B17: 1250 | C17: 3790 | D17: 0 | E17: 3790 | F17: =SUM(D17-B17) -> -1250 | G17: =SUM(E17-C17) -> 0 | H17: 665.81 | I17: 1530 | J17: 0 | K17: 5040 | L17: 0 | M17: =SUM(E17-J17) -> 3790
A18: 45824 | B18: 1950 | C18: 7145 | D18: 0 | E18: 7145 | F18: =SUM(D18-B18) -> -1950 | G18: =SUM(E18-C18) -> 0 | H18: 1241.67 | I18: 170 | J18: 13810 | K18: =SUM(B18:C18) -> 9095 | M18: =SUM(E18-J18) -> -6665
A19: 45825 | B19: 1230 | C19: 1470 | D19: 0 | E19: 1470 | F19: =SUM(D19-B19) -> -1230 | G19: =SUM(E19-C19) -> 0 | H19: 245 | I19: 750 | J19: 600 | K19: =SUM(B19:C19) -> 2700 | M19: =SUM(E19-J19) -> 870
A20: 45826 | B20: 1165 | C20: 1295 | D20: 0 | E20: 1295 | F20: =SUM(D20-B20) -> -1165 | G20: =SUM(E20-C20) -> 0 | H20: 190.84 | I20: 775 | J20: 8395 | K20: =SUM(B20:C20) -> 2460 | L20: =SUM(B20-I20) -> 390 | M20: =SUM(E20-J20) -> -7100
A21: 45827 | B21: 550 | C21: 1910 | D21: 0 | E21: 1910 | F21: =SUM(D21-B21) -> -550 | G21: =SUM(E21-C21) -> 0 | H21: 318.33 | I21: 585 | J21: 1000 | K21: =SUM(B21:C21) -> 2460 | L21: =SUM(B21-I21) -> -35 | M21: =SUM(E21-J21) -> 910
A22: 45828 | B22: 1000 | C22: 4890 | D22: 0 | E22: 4890 | F22: =SUM(D22-B22) -> -1000 | G22: =SUM(E22-C22) -> 0 | H22: 831.68 | I22: 920 | J22: 0 | K22: =SUM(B22:C22) -> 5890 | L22: =SUM(B22-I22) -> 80 | M22: =SUM(E22-J22) -> 4890
A23: 45829 | B23: 2270 | C23: 2160 | D23: 0 | E23: 2160 | F23: =SUM(D23-B23) -> -2270 | G23: =SUM(E23-C23) -> 0 | H23: 392.51 | I23: 1440 | J23: 0 | K23: =SUM(B23:C23) -> 4430 | L23: =SUM(B23-I23) -> 830 | M23: =SUM(E23-J23) -> 2160
A24: 45830 | B24: 300 | C24: 3440 | D24: 0 | E24: 3440 | F24: =SUM(D24-B24) -> -300 | G24: =SUM(E24-C24) -> 0 | H24: 573.32 | I24: 0 | J24: 300 | K24: =SUM(B24:C24) -> 3740 | L24: =SUM(B24-I24) -> 300 | M24: =SUM(E24-J24) -> 3140
A25: 45831 | B25: 1700 | C25: 4120 | D25: 0 | E25: 4120 | F25: =SUM(D25-B25) -> -1700 | G25: =SUM(E25-C25) -> 0 | H25: 551.68 | I25: 1400 | J25: 11000 | K25: =SUM(B25:C25) -> 5820 | L25: =SUM(B25-I25) -> 300 | M25: =SUM(E25-J25) -> -6880
A26: 45832 | B26: 0 | C26: 410 | D26: 0 | E26: 410 | F26: =SUM(D26-B26) -> 0 | G26: =SUM(E26-C26) -> 0 | H26: 40 | I26: 1200 | J26: 0 | K26: =SUM(B26:C26) -> 410 | L26: =SUM(B26-I26) -> -1200 | M26: =SUM(E26-J26) -> 410
A27: 45833 | B27: 825 | C27: 2290 | D27: 0 | E27: 2290 | F27: =SUM(D27-B27) -> -825 | G27: 0 | H27: 390 | I27: 1050 | J27: 5000 | K27: =SUM(B27:C27) -> 3115 | L27: =SUM(B27-I27) -> -225 | M27: =SUM(E27-J27) -> -2710
A28: 45834 | B28: 1530 | C28: 2810 | D28: 0 | E28: 2810 | F28: =SUM(D28-B28) -> -1530 | G28: =SUM(E28-C28) -> 0 | H28: 495 | I28: 0 | J28: 0 | K28: =SUM(B28:C28) -> 4340 | L28: =SUM(B28-I28) -> 1530 | M28: =SUM(E28-J28) -> 2810
A29: 45835 | B29: 680 | C29: 2990 | D29: 0 | E29: 2990 | F29: =SUM(D29-B29) -> -680 | G29: =SUM(E29-C29) -> 0 | H29: 520.84 | I29: 0 | J29: 5000 | K29: =SUM(B29:C29) -> 3670 | L29: =SUM(B29-I29) -> 680 | M29: =SUM(E29-J29) -> -2010
A30: 45836 | B30: 200 | C30: 3520 | D30: 0 | E30: 3520 | F30: =SUM(D30-B30) -> -200 | G30: =SUM(E30-C30) -> 0 | H30: 500 | I30: 980 | J30: 0 | K30: =SUM(B30:C30) -> 3720 | L30: =SUM(B30-I30) -> -780 | M30: =SUM(E30-J30) -> 3520
A31: 45837 | B31: 200 | C31: 3185 | D31: 0 | E31: 3185 | F31: =SUM(D31-B31) -> -200 | G31: =SUM(E31-C31) -> 0 | H31: 530.83 | I31: 170 | J31: 0 | K31: =SUM(B31:C31) -> 3385 | L31: =SUM(B31-I31) -> 30 | M31: =SUM(E31-J31) -> 3185
A32: 45838 | B32: 700 | C32: 1370 | D32: 0 | E32: 1370 | F32: =SUM(D32-B32) -> -700 | G32: =SUM(E32-C32) -> 0 | H32: 228.33 | I32: 1825 | J32: 500 | K32: =SUM(B32:C32) -> 2070 | L32: =SUM(B32-I32) -> -1125 | M32: =SUM(E32-J32) -> 870
F33: =SUM(D33-B33) -> 0 | G33: =SUM(E33-C33) -> 0 | K33: =SUM(B33:C33) -> 0 | L33: =SUM(B33-I33) -> 0 | M33: =SUM(E33-J33) -> 0
A34: TOPLAM | B34: =SUM(B3:B33) -> 32980 | C34: =SUM(C3:C33) -> 91285 | E34: =SUM(E3:E33) -> 91285 | F34: =SUM(F3:F33) -> -32980 | G34: =SUM(G3:G33) -> 0 | I34: =SUM(I3:I33) -> 27650 | J34: =SUM(J3:J33) -> 95405 | K34: =SUM(K3:K33) -> 124265 | L34: =SUM(L3:L33) -> 3350 | M34: =SUM(M3:M33) -> -4120
G37: TOPLAM CİRO | I37: =SUM(K3:K33) -> 124265
G38: TOPLAM HARCAMA | I38: =SUM(+I34+J34) -> 123055
G39: TOPLAM CİRODAN KALAN | I39: =SUM(L34+M34) -> -770

Sheet MAYIS GÜNSONU TABLOSU 
A2: SATIŞ | B2: NAKİT SATIŞ | C2: KREDİ SATIŞ | D2: Z RAPORU NAKİT | E2: Z RAPORU KREDİ | F2: NAKİT FARK | G2: KREDİ FARK | H2: KDV | I2: NAKİT HARCAMA | J2: KREDİ HARCAMA | K2: CİRO | L2: CEP NAKİT | M2: CEP KREDİ
A3: 45778 | B3: 950 | C3: 2660 | D3: 0 | E3: 2660 | F3: =SUM(D3-B3) -> -950 | G3: =SUM(E3-C3) -> 0 | H3: 496.67 | I3: 100 | J3: 0 | K3: =SUM(B3:C3) -> 3610 | L3: =SUM(B3-I3) -> 850 | M3: =SUM(E3-J3) -> 2660
A4: 45779 | B4: 920 | C4: 5340 | D4: 0 | E4: 5340 | F4: =SUM(D4-B4) -> -920 | G4: =SUM(E4-C4) -> 0 | H4: 889.99 | I4: 605 | J4: 0 | K4: =SUM(B4:C4) -> 6260 | L4: =SUM(B4-I4) -> 315 | M4: =SUM(E4-J4) -> 5340
A5: 45780 | B5: 1900 | C5: 3690 | D5: 0 | E5: 3690 | F5: =SUM(D5-B5) -> -1900 | G5: =SUM(E5-C5) -> 0 | H5: 615 | I5: 965 | J5: 0 | K5: =SUM(B5:C5) -> 5590 | L5: =SUM(B5-I5) -> 935 | M5: =SUM(E5-J5) -> 3690
A6: 45781 | B6: 500 | C6: 2160 | D6: 0 | E6: 2160 | F6: =SUM(D6-B6) -> -500 | G6: =SUM(E6-C6) -> 0 | H6: 360 | I6: 350 | J6: 0 | K6: =SUM(B6:C6) -> 2660 | L6: =SUM(B6-I6) -> 150 | M6: =SUM(E6-J6) -> 2160
A7: 45782 | B7: 260 | C7: 2505 | D7: 0 | E7: 2505 | F7: =SUM(D7-B7) -> -260 | G7: =SUM(E7-C7) -> 0 | H7: 417.51 | I7: 110 | J7: 1070 | K7: =SUM(B7:C7) -> 2765 | L7: =SUM(B7-I7) -> 150 | M7: =SUM(E7-J7) -> 1435
A8: 45783 | B8: 1100 | C8: 2880 | D8: 0 | E8: 2880 | F8: =SUM(D8-B8) -> -1100 | G8: 0 | H8: 405.01 | I8: 300 | J8: 400 | K8: =SUM(B8:C8) -> 3980 | L8: =SUM(B8-I8) -> 800 | M8: =SUM(E8-J8) -> 2480
A9: 45784 | B9: 1520 | C9: 3500 | D9: 0 | E9: 3500 | F9: =SUM(D9-B9) -> -1520 | G9: =SUM(E9-C9) -> 0 | H9: 583.33 | I9: 750 | J9: 0 | K9: =SUM(B9:C9) -> 5020 | L9: =SUM(B9-I9) -> 770 | M9: =SUM(E9-J9) -> 3500
A10: 45785 | B10: 1250 | C10: 2735 | D10: 0 | E10: 2735 | F10: =SUM(D10-B10) -> -1250 | G10: =SUM(E10-C10) -> 0 | H10: 472.5 | I10: 250 | J10: 695 | K10: =SUM(B10:C10) -> 3985 | L10: =SUM(B10-I10) -> 1000 | M10: =SUM(E10-J10) -> 2040
A11: 45786 | B11: 600 | C11: 2620 | D11: 0 | E11: 2620 | F11: =SUM(D11-B11) -> -600 | G11: =SUM(E11-C11) -> 0 | H11: 436.67 | I11: 465 | J11: 2665 | K11: =SUM(B11:C11) -> 3220 | L11: =SUM(B11-I11) -> 135 | M11: =SUM(E11-J11) -> -45
A12: 45787 | B12: 1800 | C12: 5320 | D12: 0 | E12: 5320 | F12: =SUM(D12-B12) -> -1800 | G12: =SUM(E12-C12) -> 0 | H12: 724.17 | I12: 500 | J12: 20000 | K12: =SUM(B12:C12) -> 7120 | L12: =SUM(B12-I12) -> 1300 | M12: =SUM(E12-J12) -> -14680
A13: 45788 | B13: 900 | C13: 4910 | D13: 0 | E13: 4910 | F13: =SUM(D13-B13) -> -900 | G13: =SUM(E13-C13) -> 0 | H13: 685 | I13: 460 | J13: 200 | K13: =SUM(B13:C13) -> 5810 | L13: =SUM(B13-I13) -> 440 | M13: =SUM(E13-J13) -> 4710
A14: 45789 | B14: 760 | C14: 970 | D14: 0 | E14: 970 | F14: =SUM(D14-B14) -> -760 | G14: =SUM(E14-C14) -> 0 | H14: 161.67 | I14: 850 | J14: 4055 | K14: =SUM(B14:C14) -> 1730 | L14: =SUM(B14-I14) -> -90 | M14: =SUM(E14-J14) -> -3085
A15: 45790 | B15: 2350 | C15: 3275 | D15: 0 | E15: 3275 | F15: =SUM(D15-B15) -> -2350 | G15: =SUM(E15-C15) -> 0 | H15: 545.84 | I15: 725 | J15: 0 | K15: 5625 | L15: =SUM(B15-I15) -> 1625 | M15: =SUM(E15-J15) -> 3275
A16: 45791 | B16: 200 | C16: 2980 | D16: 0 | E16: 2980 | F16: =SUM(D16-B16) -> -200 | G16: =SUM(E16-C16) -> 0 | H16: 496.67 | I16: 7550 | J16: 12800 | K16: =SUM(B16:C16) -> 3180 | L16: =SUM(B16-I16) -> -7350 | M16: =SUM(E16-J16) -> -9820
A17: 45792 | B17: 3100 | C17: 5400 | D17: 0 | E17: 5400 | F17: =SUM(D17-B17) -> -3100 | G17: =SUM(E17-C17) -> 0 | H17: 899.99 | I17: 0 | J17: 0 | K17: =SUM(B17:C17) -> 8500 | L17: =SUM(B17-I17) -> 3100 | M17: =SUM(E17-J17) -> 5400
A18: 45793 | B18: 1200 | C18: 2940 | D18: 0 | E18: 2940 | F18: 0 | G18: =SUM(E18-C18) -> 0 | H18: 435 | I18: 1800 | J18: 2393 | K18: =SUM(B18:C18) -> 4140 | L18: =SUM(B18-I18) -> -600 | M18: 0
A19: 45794 | B19: 2600 | C19: 3070 | D19: 0 | E19: 3070 | F19: =SUM(D19-B19) -> -2600 | G19: =SUM(E19-C19) -> 0 | H19: 543.32 | I19: 200 | J19: 0 | K19: =SUM(B19:C19) -> 5670 | L19: =SUM(B19-I19) -> 2400 | M19: =SUM(E19-J19) -> 3070
A20: 45795 | B20: 750 | C20: 6420 | D20: 0 | E20: 6420 | F20: =SUM(D20-B20) -> -750 | G20: =SUM(E20-C20) -> 0 | H20: 1068.36 | I20: 1100 | J20: 0 | K20: =SUM(B20:C20) -> 7170 | L20: =SUM(B20-I20) -> -350 | M20: =SUM(E20-J20) -> 6420
A21: 45796 | B21: 1300 | C21: 1690 | D21: 0 | E21: 1690 | F21: =SUM(D21-B21) -> -1300 | G21: =SUM(E21-C21) -> 0 | H21: 281.66 | I21: 150 | J21: 4875 | K21: =SUM(B21:C21) -> 2990 | L21: =SUM(B21-I21) -> 1150 | M21: =SUM(E21-J21) -> -3185
A22: 45797 | B22: 400 | C22: 2170 | D22: 0 | E22: 2170 | F22: =SUM(D22-B22) -> -400 | G22: =SUM(E22-C22) -> 0 | H22: 225 | I22: 5360 | J22: 14290 | K22: =SUM(B22:C22) -> 2570 | L22: =SUM(B22-I22) -> -4960 | M22: =SUM(E22-J22) -> -12120
A23: 45798 | B23: 650 | C23: 5860 | D23: 0 | E23: 5860 | F23: =SUM(D23-B23) -> -650 | G23: =SUM(E23-C23) -> 0 | H23: 934.99 | I23: 605 | J23: 0 | K23: =SUM(B23:C23) -> 6510 | L23: =SUM(B23-I23) -> 45 | M23: =SUM(E23-J23) -> 5860
A24: 45799 | B24: 2250 | C24: 8255 | D24: 0 | E24: 8255 | F24: =SUM(D24-B24) -> -2250 | G24: =SUM(E24-C24) -> 0 | H24: 1300.82 | I24: 150 | J24: 6160 | K24: =SUM(B24:C24) -> 10505 | L24: =SUM(B24-I24) -> 2100 | M24: =SUM(E24-J24) -> 2095
A25: 45800 | B25: 200 | C25: 5400 | D25: 0 | E25: 5400 | F25: =SUM(D25-B25) -> -200 | G25: =SUM(E25-C25) -> 0 | H25: 900 | I25: 3420 | J25: 9055 | K25: =SUM(B25:C25) -> 5600 | L25: =SUM(B25-I25) -> -3220 | M25: =SUM(E25-J25) -> -3655
A26: 45801 | B26: 1850 | C26: 6310 | D26: 0 | E26: 6310 | F26: =SUM(D26-B26) -> -1850 | G26: =SUM(E26-C26) -> 0 | H26: 1051.68 | I26: 0 | J26: 0 | K26: =SUM(B26:C26) -> 8160 | L26: =SUM(B26-I26) -> 1850 | M26: =SUM(E26-J26) -> 6310
A27: 45802 | B27: 0 | C27: 4960 | D27: 0 | E27: 4960 | F27: =SUM(D27-B27) -> 0 | G27: 0 | H27: 243.33 | I27: 100 | J27: 0 | K27: =SUM(B27:C27) -> 4960 | L27: =SUM(B27-I27) -> -100 | M27: =SUM(E27-J27) -> 4960
A28: 45803 | B28: 850 | C28: 600 | D28: 0 | E28: 600 | F28: =SUM(D28-B28) -> -850 | G28: =SUM(E28-C28) -> 0 | H28: 100 | I28: 1610 | J28: 0 | K28: =SUM(B28:C28) -> 1450 | L28: =SUM(B28-I28) -> -760 | M28: =SUM(E28-J28) -> 600
A29: 45804 | B29: 400 | C29: 3140 | D29: 0 | E29: 3140 | F29: =SUM(D29-B29) -> -400 | G29: =SUM(E29-C29) -> 0 | H29: 523.34 | I29: 0 | J29: 16210 | K29: =SUM(B29:C29) -> 3540 | L29: =SUM(B29-I29) -> 400 | M29: =SUM(E29-J29) -> -13070
A30: 45805 | B30: 900 | C30: 5900 | D30: 0 | E30: 5900 | F30: =SUM(D30-B30) -> -900 | G30: =SUM(E30-C30) -> 0 | H30: 911.69 | I30: 640 | J30: 370 | K30: =SUM(B30:C30) -> 6800 | L30: =SUM(B30-I30) -> 260 | M30: =SUM(E30-J30) -> 5530
A31: 45806 | B31: 250 | C31: 1910 | D31: 0 | E31: 1910 | F31: =SUM(D31-B31) -> -250 | G31: =SUM(E31-C31) -> 0 | H31: 301.66 | I31: 620 | J31: 950 | K31: =SUM(B31:C31) -> 2160 | L31: =SUM(B31-I31) -> -370 | M31: =SUM(E31-J31) -> 960
A32: 45807 | B32: 350 | C32: 5885 | D32: 0 | E32: 5885 | F32: =SUM(D32-B32) -> -350 | G32: =SUM(E32-C32) -> 0 | H32: 717.5 | I32: 490 | J32: 855 | K32: =SUM(B32:C32) -> 6235 | L32: =SUM(B32-I32) -> -140 | M32: =SUM(E32-J32) -> 5030
A33: 45808 | B33: 1170 | C33: 4740 | D33: 0 | E33: 4740 | F33: =SUM(D33-B33) -> -1170 | G33: =SUM(E33-C33) -> 0 | H33: 769.17 | I33: 495 | J33: 1560 | K33: =SUM(B33:C33) -> 5910 | L33: =SUM(B33-I33) -> 675 | M33: =SUM(E33-J33) -> 3180
A34: TOPLAM | B34: =SUM(B3:B33) -> 33230 | C34: =SUM(C3:C33) -> 120195 | E34: =SUM(E3:E33) -> 120195 | F34: =SUM(F3:F33) -> -32030 | G34: =SUM(G3:G33) -> 0 | I34: =SUM(I3:I33) -> 30720 | J34: =SUM(J3:J33) -> 98603 | K34: =SUM(K3:K33) -> 153425 | L34: =SUM(L3:L33) -> 2510 | M34: =SUM(M3:M33) -> 21045
G37: TOPLAM CİRO | I37: =SUM(K3:K33) -> 153425
G38: TOPLAM HARCAMA | I38: =SUM(+I34+J34) -> 129323
G39: TOPLAM CİRODAN KALAN | I39: =SUM(L34+M34) -> 23555

Sheet NİSAN GÜNSONU TABLOSU 
A2: SATIŞ | B2: NAKİT SATIŞ | C2: KREDİ SATIŞ | D2: Z RAPORU NAKİT | E2: Z RAPORU KREDİ | F2: NAKİT FARK | G2: KREDİ FARK | H2: KDV | I2: NAKİT HARCAMA | J2: KREDİ HARCAMA | K2: CİRO | L2: CEP NAKİT | M2: CEP KREDİ
A3: 45748 | B3: 1120 | C3: 1860 | D3: 0 | E3: 1860 | F3: =SUM(D3-B3) -> -1120 | G3: =SUM(E3-C3) -> 0 | H3: 310.01 | I3: 100 | J3: 2320 | K3: =SUM(B3:C3) -> 2980 | L3: =SUM(B3-I3) -> 1020 | M3: =SUM(E3-J3) -> -460
A4: 45749 | B4: 1350 | C4: 750 | D4: 0 | E4: 750 | F4: =SUM(D4-B4) -> -1350 | G4: =SUM(E4-C4) -> 0 | H4: 125 | I4: 950 | J4: 16265 | K4: =SUM(B4:C4) -> 2100 | L4: =SUM(B4-I4) -> 400 | M4: =SUM(E4-J4) -> -15515
A5: 45750 | B5: 2450 | C5: 1930 | D5: 0 | E5: 1930 | F5: =SUM(D5-B5) -> -2450 | G5: =SUM(E5-C5) -> 0 | H5: 321.66 | I5: 1000 | J5: 0 | K5: =SUM(B5:C5) -> 4380 | L5: =SUM(B5-I5) -> 1450 | M5: =SUM(E5-J5) -> 1930
A6: 45751 | B6: 2450 | C6: 1425 | D6: 0 | E6: 1425 | F6: =SUM(D6-B6) -> -2450 | G6: =SUM(E6-C6) -> 0 | H6: 237.5 | I6: 260 | J6: 0 | K6: =SUM(B6:C6) -> 3875 | L6: =SUM(B6-I6) -> 2190 | M6: =SUM(E6-J6) -> 1425
A7: 45752 | B7: 1950 | C7: 1650 | D7: 0 | E7: 1650 | F7: =SUM(D7-B7) -> -1950 | G7: =SUM(E7-C7) -> 0 | H7: 275 | I7: 120 | J7: 0 | K7: =SUM(B7:C7) -> 3600 | L7: =SUM(B7-I7) -> 1830 | M7: =SUM(E7-J7) -> 1650
A8: 45753 | B8: 1550 | C8: 3510 | D8: 0 | E8: 3510 | F8: =SUM(D8-B8) -> -1550 | G8: 0 | H8: 585 | I8: 150 | J8: 0 | K8: =SUM(B8:C8) -> 5060 | L8: =SUM(B8-I8) -> 1400 | M8: =SUM(E8-J8) -> 3510
A9: 45754 | B9: 1450 | C9: 1100 | D9: 0 | E9: 1100 | F9: =SUM(D9-B9) -> -1450 | G9: =SUM(E9-C9) -> 0 | H9: 183.34 | I9: 1970 | J9: 0 | K9: =SUM(B9:C9) -> 2550 | L9: =SUM(B9-I9) -> -520 | M9: =SUM(E9-J9) -> 1100
A10: 45755 | B10: 750 | C10: 1995 | D10: 0 | E10: 1995 | F10: =SUM(D10-B10) -> -750 | G10: =SUM(E10-C10) -> 0 | H10: 332.49 | I10: 420 | J10: 6620 | K10: =SUM(B10:C10) -> 2745 | L10: =SUM(B10-I10) -> 330 | M10: =SUM(E10-J10) -> -4625
A11: 45756 | B11: 690 | C11: 2620 | D11: 0 | E11: 2620 | F11: =SUM(D11-B11) -> -690 | G11: =SUM(E11-C11) -> 0 | H11: 436.67 | I11: 580 | J11: 0 | K11: =SUM(B11:C11) -> 3310 | L11: =SUM(B11-I11) -> 110 | M11: =SUM(E11-J11) -> 2620
A12: 45757 | B12: 1500 | C12: 2420 | D12: 0 | E12: 2420 | F12: =SUM(D12-B12) -> -1500 | G12: =SUM(E12-C12) -> 0 | H12: 236.66 | I12: 11720 | J12: 8400 | K12: =SUM(B12:C12) -> 3920 | L12: =SUM(B12-I12) -> -10220 | M12: =SUM(E12-J12) -> -5980
A13: 45758 | B13: 1530 | C13: 3310 | D13: 0 | E13: 3310 | F13: =SUM(D13-B13) -> -1530 | G13: =SUM(E13-C13) -> 0 | H13: 400 | I13: 245 | J13: 0 | K13: =SUM(B13:C13) -> 4840 | L13: =SUM(B13-I13) -> 1285 | M13: =SUM(E13-J13) -> 3310
A14: 45759 | B14: 800 | C14: 4910 | D14: 0 | E14: 4910 | F14: =SUM(D14-B14) -> -800 | G14: =SUM(E14-C14) -> 0 | H14: 785 | I14: 100 | J14: 0 | K14: =SUM(B14:C14) -> 5710 | L14: =SUM(B14-I14) -> 700 | M14: =SUM(E14-J14) -> 4910
A15: 45760 | B15: 360 | C15: 1980 | D15: 0 | E15: 1980 | F15: =SUM(D15-B15) -> -360 | G15: =SUM(E15-C15) -> 0 | H15: 330 | I15: 0 | J15: 275 | K15: =SUM(B15:C15) -> 2340 | L15: =SUM(B15-I15) -> 360 | M15: =SUM(E15-J15) -> 1705
A16: 45761 | B16: 400 | C16: 765 | D16: 0 | E16: 765 | F16: =SUM(D16-B16) -> -400 | G16: =SUM(E16-C16) -> 0 | H16: 127.5 | I16: 0 | J16: 6328 | K16: =SUM(B16:C16) -> 1165 | L16: =SUM(B16-I16) -> 400 | M16: =SUM(E16-J16) -> -5563
A17: 45762 | B17: 1500 | C17: 1455 | D17: 0 | E17: 1455 | F17: =SUM(D17-B17) -> -1500 | G17: =SUM(E17-C17) -> 0 | H17: 242.5 | I17: 2200 | J17: 4700 | K17: =SUM(B17:C17) -> 2955 | L17: =SUM(B17-I17) -> -700 | M17: =SUM(E17-J17) -> -3245
A18: 45763 | B18: 2170 | C18: 1660 | D18: 0 | E18: 1660 | F18: =SUM(D18-B18) -> -2170 | G18: =SUM(E18-C18) -> 0 | H18: 276.67 | I18: 300 | J18: 1636 | K18: =SUM(B18:C18) -> 3830 | L18: =SUM(B18-I18) -> 1870 | M18: =SUM(E18-J18) -> 24
A19: 45764 | B19: 780 | C19: 4850 | D19: 0 | E19: 4850 | F19: =SUM(D19-B19) -> -780 | G19: =SUM(E19-C19) -> 0 | H19: 758.33 | I19: 190 | J19: 200 | K19: =SUM(B19:C19) -> 5630 | L19: =SUM(B19-I19) -> 590 | M19: =SUM(E19-J19) -> 4650
A20: 45765 | B20: 1300 | C20: 5130 | D20: 0 | E20: 5130 | F20: =SUM(D20-B20) -> -1300 | G20: =SUM(E20-C20) -> 0 | H20: 854.99 | I20: 430 | J20: 955 | K20: =SUM(B20:C20) -> 6430 | L20: =SUM(B20-I20) -> 870 | M20: =SUM(E20-J20) -> 4175
... A26: 45771 | B26: 1450 | C26: 900 | D26: 0 | E26: 900 | F26: =SUM(D26-B26) -> -1450 | G26: =SUM(E26-C26) -> 0 | H26: 103.33 | I26: 95 | J26: 7905 | K26: =SUM(B26:C26) -> 2350 | L26: =SUM(B26-I26) -> 1355 | M26: =SUM(E26-J26) -> -7005
A27: 45772 | B27: 1060 | C27: 2900 | D27: 0 | E27: 2900 | F27: =SUM(D27-B27) -> -1060 | G27: 0 | H27: 483.33 | I27: 450 | J27: 400 | K27: =SUM(B27:C27) -> 3960 | L27: =SUM(B27-I27) -> 610 | M27: =SUM(E27-J27) -> 2500
A28: 45773 | B28: 1870 | C28: 2440 | D28: 0 | E28: 2440 | F28: =SUM(D28-B28) -> -1870 | G28: =SUM(E28-C28) -> 0 | H28: 406.66 | I28: 1640 | J28: 465 | K28: =SUM(B28:C28) -> 4310 | L28: =SUM(B28-I28) -> 230 | M28: =SUM(E28-J28) -> 1975
A29: 45774 | B29: 270 | C29: 4180 | D29: 0 | E29: 4180 | F29: =SUM(D29-B29) -> -270 | G29: =SUM(E29-C29) -> 0 | H29: 741.66 | I29: 330 | J29: 1615 | K29: =SUM(B29:C29) -> 4450 | L29: =SUM(B29-I29) -> -60 | M29: =SUM(E29-J29) -> 2565
A30: 45775 | B30: 1270 | C30: 3610 | D30: 0 | E30: 3610 | F30: =SUM(D30-B30) -> -1270 | G30: =SUM(E30-C30) -> 0 | H30: 601.69 | I30: 790 | J30: 7760 | K30: =SUM(B30:C30) -> 4880 | L30: =SUM(B30-I30) -> 480 | M30: =SUM(E30-J30) -> -4150
A31: 45776 | B31: 1300 | C31: 750 | D31: 0 | E31: 750 | F31: =SUM(D31-B31) -> -1300 | G31: =SUM(E31-C31) -> 0 | H31: 141.68 | I31: 480 | J31: 4460 | K31: =SUM(B31:C31) -> 2050 | L31: =SUM(B31-I31) -> 820 | M31: =SUM(E31-J31) -> -3710
A32: 45777 | B32: 760 | C32: 1560 | D32: 0 | E32: 1560 | F32: =SUM(D32-B32) -> -760 | G32: =SUM(E32-C32) -> 0 | H32: 260 | I32: 7000 | J32: 4500 | K32: =SUM(B32:C32) -> 2320 | L32: =SUM(B32-I32) -> -6240 | M32: =SUM(E32-J32) -> -2940
F33: =SUM(D33-B33) -> 0 | G33: =SUM(E33-C33) -> 0 | K33: =SUM(B33:C33) -> 0 | L33: =SUM(B33-I33) -> 0 | M33: =SUM(E33-J33) -> 0
A34: TOPLAM | B34: =SUM(B3:B33) -> 36150 | C34: =SUM(C3:C33) -> 81665 | E34: =SUM(E3:E33) -> 81665 | F34: =SUM(F3:F33) -> -36150 | G34: =SUM(G3:G33) -> 0 | I34: =SUM(I3:I33) -> 35435 | J34: =SUM(J3:J33) -> 95899 | K34: =SUM(K3:K33) -> 117815 | L34: =SUM(L3:L33) -> 715 | M34: =SUM(M3:M33) -> -14234
G37: TOPLAM CİRO | I37: =SUM(K3:K33) -> 117815
G38: TOPLAM HARCAMA | I38: =SUM(+I34+J34) -> 131334
G39: TOPLAM CİRODAN KALAN | I39: =SUM(L34+M34) -> -13519

Sheet MART GÜNSONU TABLOSU
A2: SATIŞ | B2: NAKİT SATIŞ | C2: KREDİ SATIŞ | D2: Z RAPORU NAKİT | E2: Z RAPORU KREDİ | F2: NAKİT FARK | G2: KREDİ FARK | H2: KDV | I2: NAKİT HARCAMA | J2: KREDİ HARCAMA | K2: CİRO | L2: CEP NAKİT | M2: CEP KREDİ
A3: 45717 | B3: 810 | C3: 2390 | D3: 0 | E3: 2390 | F3: =SUM(D3-B3) -> -810 | G3: =SUM(E3-C3) -> 0 | H3: 299.84 | I3: 800 | J3: 250 | K3: =SUM(B3:C3) -> 3200 | L3: =SUM(B3-I3) -> 10 | M3: =SUM(E3-J3) -> 2140
A4: 45718 | B4: 1400 | C4: 2470 | D4: 0 | E4: 2470 | F4: =SUM(D4-B4) -> -1400 | G4: =SUM(E4-C4) -> 0 | H4: 301.81 | I4: 425 | J4: 0 | K4: =SUM(B4:C4) -> 3870 | L4: =SUM(B4-I4) -> 975 | M4: =SUM(E4-J4) -> 2470
A5: 45719 | B5: 1000 | C5: 1120 | D5: 0 | E5: 1120 | F5: =SUM(D5-B5) -> -1000 | G5: =SUM(E5-C5) -> 0 | H5: 133.64 | I5: 1145 | J5: 4675 | K5: =SUM(B5:C5) -> 2120 | L5: =SUM(B5-I5) -> -145 | M5: =SUM(E5-J5) -> -3555
A6: 45720 | B6: 0 | C6: 1020 | D6: 0 | E6: 1020 | F6: =SUM(D6-B6) -> 0 | G6: =SUM(E6-C6) -> 0 | H6: 170 | I6: 315 | J6: 0 | K6: =SUM(B6:C6) -> 1020 | L6: =SUM(B6-I6) -> -315 | M6: =SUM(E6-J6) -> 1020
A7: 45721 | B7: 55 | C7: 3730 | D7: 0 | E7: 3730 | F7: =SUM(D7-B7) -> -55 | G7: =SUM(E7-C7) -> 0 | H7: 464.09 | I7: 420 | J7: 0 | K7: =SUM(B7:C7) -> 3785 | L7: =SUM(B7-I7) -> -365 | M7: =SUM(E7-J7) -> 3730
A8: 45722 | B8: 450 | C8: 3010 | D8: 0 | E8: 3010 | F8: =SUM(D8-B8) -> -450 | G8: 0 | H8: 338.02 | I8: 315 | J8: 0 | K8: =SUM(B8:C8) -> 3460 | L8: =SUM(B8-I8) -> 135 | M8: =SUM(E8-J8) -> 3010
A9: 45723 | B9: 210 | C9: 2235 | D9: 0 | E9: 2235 | F9: =SUM(D9-B9) -> -210 | G9: =SUM(E9-C9) -> 0 | H9: 372.5 | I9: 5130 | J9: 1250 | K9: =SUM(B9:C9) -> 2445 | L9: =SUM(B9-I9) -> -4920 | M9: =SUM(E9-J9) -> 985
A10: 45724 | B10: 2270 | C10: 9400 | D10: 0 | E10: 9400 | F10: =SUM(D10-B10) -> -2270 | G10: =SUM(E10-C10) -> 0 | H10: 926.5 | I10: 200 | J10: 410 | K10: =SUM(B10:C10) -> 11670 | L10: =SUM(B10-I10) -> 2070 | M10: =SUM(E10-J10) -> 8990
A11: 45725 | B11: 530 | C11: 3070 | D11: 0 | E11: 3070 | F11: =SUM(D11-B11) -> -530 | G11: =SUM(E11-C11) -> 0 | H11: 430.61 | I11: 100 | J11: 0 | K11: =SUM(B11:C11) -> 3600 | L11: =SUM(B11-I11) -> 430 | M11: =SUM(E11-J11) -> 3070
A12: 45726 | B12: 1030 | C12: 1030 | D12: 0 | E12: 1030 | F12: =SUM(D12-B12) -> -1030 | G12: =SUM(E12-C12) -> 0 | H12: 135.31 | I12: 2800 | J12: 14800 | K12: =SUM(B12:C12) -> 2060 | L12: =SUM(B12-I12) -> -1770 | M12: =SUM(E12-J12) -> -13770
A13: 45727 | B13: 510 | C13: 3875 | D13: 0 | E13: 3875 | F13: =SUM(D13-B13) -> -510 | G13: =SUM(E13-C13) -> 0 | H13: 645.82 | I13: 340 | J13: 240 | K13: =SUM(B13:C13) -> 4385 | L13: =SUM(B13-I13) -> 170 | M13: =SUM(E13-J13) -> 3635
A14: 45728 | B14: 1000 | C14: 730 | D14: 0 | E14: 730 | F14: =SUM(D14-B14) -> -1000 | G14: =SUM(E14-C14) -> 0 | H14: 148.34 | I14: 100 | J14: 0 | K14: =SUM(B14:C14) -> 1730 | L14: =SUM(B14-I14) -> 900 | M14: =SUM(E14-J14) -> 730
A15: 45729 | B15: 745 | C15: 1705 | D15: 0 | E15: 1705 | F15: =SUM(D15-B15) -> -745 | G15: =SUM(E15-C15) -> 0 | H15: 284.16 | I15: 0 | J15: 3196 | K15: =SUM(B15:C15) -> 2450 | L15: =SUM(B15-I15) -> 745 | M15: =SUM(E15-J15) -> -1491
A16: 45730 | B16: 400 | C16: 1985 | D16: 0 | E16: 1985 | F16: =SUM(D16-B16) -> -400 | G16: =SUM(E16-C16) -> 0 | H16: 347.5 | I16: 100 | J16: 4200 | K16: =SUM(B16:C16) -> 2385 | L16: =SUM(B16-I16) -> 300 | M16: =SUM(E16-J16) -> -2215
A17: 45731 | B17: 300 | C17: 1610 | D17: 0 | E17: 1610 | F17: =SUM(D17-B17) -> -300 | G17: =SUM(E17-C17) -> 0 | H17: 268.34 | I17: 600 | J17: 0 | K17: =SUM(B17:C17) -> 1910 | L17: =SUM(B17-I17) -> -300 | M17: =SUM(E17-J17) -> 1610
A18: 45732 | B18: 1200 | C18: 3150 | D18: 0 | E18: 3150 | F18: =SUM(D18-B18) -> -1200 | G18: =SUM(E18-C18) -> 0 | H18: 525.01 | I18: 340 | J18: 0 | K18: =SUM(B18:C18) -> 4350 | L18: =SUM(B18-I18) -> 860 | M18: =SUM(E18-J18) -> 3150
A19: 45733 | B19: 500 | C19: 230 | D19: 0 | E19: 230 | F19: =SUM(D19-B19) -> -500 | G19: =SUM(E19-C19) -> 0 | H19: 16.67 | I19: 705 | J19: 650 | K19: =SUM(B19:C19) -> 730 | L19: =SUM(B19-I19) -> -205 | M19: =SUM(E19-J19) -> -420
A20: 45734 | B20: 0 | C20: 50 | D20: 0 | E20: 50 | F20: =SUM(D20-B20) -> 0 | G20: =SUM(E20-C20) -> 0 | H20: 8.33 | I20: 65 | J20: 0 | K20: =SUM(B20:C20) -> 50 | L20: =SUM(B20-I20) -> -65 | M20: =SUM(E20-J20) -> 50
... A26: 45740 | B26: 640 | C26: 3635 | D26: 0 | E26: 3635 | F26: =SUM(D26-B26) -> -640 | G26: =SUM(E26-C26) -> 0 | H26: 447.5 | I26: 1050 | J26: 7215 | K26: =SUM(B26:C26) -> 4275 | L26: =SUM(B26-I26) -> -410 | M26: =SUM(E26-J26) -> -3580
A27: 45741 | B27: 730 | C27: 2760 | D27: 0 | E27: 2760 | F27: =SUM(D27-B27) -> -730 | G27: 0 | H27: 460 | I27: 240 | J27: 6700 | K27: =SUM(B27:C27) -> 3490 | L27: =SUM(B27-I27) -> 490 | M27: =SUM(E27-J27) -> -3940
A28: 45742 | B28: 400 | C28: 2955 | D28: 0 | E28: 2955 | F28: =SUM(D28-B28) -> -400 | G28: =SUM(E28-C28) -> 0 | H28: 390.83 | I28: 1765 | J28: 2620 | K28: =SUM(B28:C28) -> 3355 | L28: =SUM(B28-I28) -> -1365 | M28: =SUM(E28-J28) -> 335
A29: 45743 | B29: 600 | C29: 3460 | D29: 0 | E29: 3460 | F29: =SUM(D29-B29) -> -600 | G29: =SUM(E29-C29) -> 0 | H29: 568.34 | I29: 300 | J29: 0 | K29: =SUM(B29:C29) -> 4060 | L29: =SUM(B29-I29) -> 300 | M29: =SUM(E29-J29) -> 3460
A30: 45744 | B30: 1965 | C30: 6070 | D30: 0 | E30: 6070 | F30: =SUM(D30-B30) -> -1965 | G30: =SUM(E30-C30) -> 0 | H30: 1011.66 | I30: 5350 | J30: 3000 | K30: =SUM(B30:C30) -> 8035 | L30: =SUM(B30-I30) -> -3385 | M30: =SUM(E30-J30) -> 3070
A31: 45745 | B31: 1200 | C31: 4650 | D31: 0 | E31: 4650 | F31: =SUM(D31-B31) -> -1200 | G31: =SUM(E31-C31) -> 0 | H31: 733.34 | I31: 1060 | J31: 0 | K31: =SUM(B31:C31) -> 5850 | L31: =SUM(B31-I31) -> 140 | M31: =SUM(E31-J31) -> 4650
A32: 45746 | B32: 0 | C32: 0 | D32: 0 | E32: 0 | F32: =SUM(D32-B32) -> 0 | G32: =SUM(E32-C32) -> 0 | H32: 0 | I32: 640 | J32: 570 | K32: =SUM(B32:C32) -> 0 | L32: =SUM(B32-I32) -> -640 | M32: =SUM(E32-J32) -> -570
A33: 45747 | B33: 500 | C33: 2890 | D33: 0 | E33: 2890 | F33: =SUM(D33-B33) -> -500 | G33: =SUM(E33-C33) -> 0 | H33: 481.67 | I33: 250 | J33: 260 | K33: =SUM(B33:C33) -> 3390 | L33: =SUM(B33-I33) -> 250 | M33: =SUM(E33-J33) -> 2630
A34: TOPLAM | B34: =SUM(B3:B33) -> 27895 | C34: =SUM(C3:C33) -> 87375 | E34: =SUM(E3:E33) -> 87375 | F34: =SUM(F3:F33) -> -27895 | G34: =SUM(G3:G33) -> 0 | I34: =SUM(I3:I33) -> 28275 | J34: =SUM(J3:J33) -> 60636 | K34: =SUM(K3:K33) -> 115270 | L34: =SUM(L3:L33) -> -380 | M34: =SUM(M3:M33) -> 26739
G37: TOPLAM CİRO | I37: =SUM(K3:K33) -> 115270
G38: TOPLAM HARCAMA | I38: =SUM(+I34+J34) -> 88911
G39: TOPLAM CİRODAN KALAN | I39: =SUM(L34+M34) -> 26359

Sheet ŞUBAT GÜNSONU TABLOSU
A2: SATIŞ | B2: NAKİT SATIŞ | C2: KREDİ SATIŞ | D2: Z RAPORU NAKİT | E2: Z RAPORU KREDİ | F2: NAKİT FARK | G2: KREDİ FARK | H2: KDV | I2: NAKİT HARCAMA | J2: KREDİ HARCAMA | K2: CİRO | L2: CEP NAKİT | M2: CEP KREDİ
A3: 45689 | B3: 400 | C3: 4035 | D3: 0 | E3: 4035 | F3: =SUM(D3-B3) -> -400 | G3: =SUM(E3-C3) -> 0 | H3: 611.28 | I3: 700 | J3: 500 | K3: =SUM(B3:C3) -> 4435 | L3: =SUM(B3-I3) -> -300 | M3: =SUM(E3-J3) -> 3535
A4: 45690 | B4: 170 | C4: 4270 | D4: 0 | E4: 4270 | F4: =SUM(D4-B4) -> -170 | G4: =SUM(E4-C4) -> 0 | H4: 548.8 | I4: 235 | J4: 0 | K4: =SUM(B4:C4) -> 4440 | L4: =SUM(B4-I4) -> -65 | M4: =SUM(E4-J4) -> 4270
A5: 45691 | B5: 1605 | C5: 3905 | D5: 0 | E5: 3905 | F5: =SUM(D5-B5) -> -1605 | G5: =SUM(E5-C5) -> 0 | H5: 529.61 | I5: 1160 | J5: 23180 | K5: =SUM(B5:C5) -> 5510 | L5: =SUM(B5-I5) -> 445 | M5: =SUM(E5-J5) -> -19275
A6: 45692 | B6: 500 | C6: 1880 | D6: 0 | E6: 1880 | F6: =SUM(D6-B6) -> -500 | G6: =SUM(E6-C6) -> 0 | H6: 241.35 | I6: 250 | J6: =2500+255 -> 2755 | K6: =SUM(B6:C6) -> 2380 | L6: =SUM(B6-I6) -> 250 | M6: =SUM(E6-J6) -> -875
A7: 45693 | B7: 900 | C7: 1720 | D7: 0 | E7: 1720 | F7: =SUM(D7-B7) -> -900 | G7: =SUM(E7-C7) -> 0 | H7: 200.31 | I7: 550 | J7: 655 | K7: =SUM(B7:C7) -> 2620 | L7: =SUM(B7-I7) -> 350 | M7: =SUM(E7-J7) -> 1065
A8: 45694 | B8: 305 | C8: 2720 | D8: 0 | E8: 2720 | F8: =SUM(D8-B8) -> -305 | G8: 0 | H8: 373.78 | I8: 505 | J8: 270 | K8: =SUM(B8:C8) -> 3025 | L8: =SUM(B8-I8) -> -200 | M8: =SUM(E8-J8) -> 2450
A9: 45695 | B9: 920 | C9: 3380 | D9: 0 | E9: 3380 | F9: =SUM(D9-B9) -> -920 | G9: =SUM(E9-C9) -> 0 | H9: 261.22 | I9: 1120 | J9: 4300 | K9: =SUM(B9:C9) -> 4300 | L9: =SUM(B9-I9) -> -200 | M9: =SUM(E9-J9) -> -920
A10: 45696 | B10: 1030 | C10: 1380 | D10: 0 | E10: 1380 | F10: =SUM(D10-B10) -> -1030 | G10: =SUM(E10-C10) -> 0 | H10: 203.49 | I10: 180 | J10: 150 | K10: =SUM(B10:C10) -> 2410 | L10: =SUM(B10-I10) -> 850 | M10: =SUM(E10-J10) -> 1230
A11: 45697 | B11: 330 | C11: 2640 | D11: 0 | E11: 2640 | F11: =SUM(D11-B11) -> -330 | G11: =SUM(E11-C11) -> 0 | H11: 329.39 | I11: 525 | J11: 640 | K11: =SUM(B11:C11) -> 2970 | L11: =SUM(B11-I11) -> -195 | M11: =SUM(E11-J11) -> 2000
A12: 45698 | B12: 0 | C12: 2360 | D12: 0 | E12: 2360 | F12: =SUM(D12-B12) -> 0 | G12: =SUM(E12-C12) -> 0 | H12: 351.67 | I12: 285 | J12: 11540 | K12: =SUM(B12:C12) -> 2360 | L12: =SUM(B12-I12) -> -285 | M12: =SUM(E12-J12) -> -9180
A13: 45699 | B13: 400 | C13: 2375 | D13: 0 | E13: 2375 | F13: =SUM(D13-B13) -> -400 | G13: =SUM(E13-C13) -> 0 | H13: 232.95 | I13: 200 | J13: 330 | K13: =SUM(B13:C13) -> 2775 | L13: =SUM(B13-I13) -> 200 | M13: =SUM(E13-J13) -> 2045
A14: 45700 | B14: 400 | C14: 3970 | D14: 0 | E14: 3970 | F14: =SUM(D14-B14) -> -400 | G14: =SUM(E14-C14) -> 0 | H14: 461.67 | I14: 525 | J14: 0 | K14: =SUM(B14:C14) -> 4370 | L14: =SUM(B14-I14) -> -125 | M14: =SUM(E14-J14) -> 3970
A15: 45701 | B15: 400 | C15: 3440 | D15: 0 | E15: 3440 | F15: =SUM(D15-B15) -> -400 | G15: =SUM(E15-C15) -> 0 | H15: 392.27 | I15: 600 | J15: 345 | K15: =SUM(B15:C15) -> 3840 | L15: =SUM(B15-I15) -> -200 | M15: =SUM(E15-J15) -> 3095
A16: 45702 | B16: 1010 | C16: 4460 | D16: 0 | E16: 4460 | F16: =SUM(D16-B16) -> -1010 | G16: =SUM(E16-C16) -> 0 | H16: 512.28 | I16: 305 | J16: 6515 | K16: =SUM(B16:C16) -> 5470 | L16: =SUM(B16-I16) -> 705 | M16: =SUM(E16-J16) -> -2055
A17: 45703 | B17: 870 | C17: 680 | D17: 0 | E17: 680 | F17: =SUM(D17-B17) -> -870 | G17: =SUM(E17-C17) -> 0 | H17: 113.34 | I17: 0 | J17: 0 | K17: =SUM(B17:C17) -> 1550 | L17: =SUM(B17-I17) -> 870 | M17: =SUM(E17-J17) -> 680
A18: 45704 | B18: 385 | C18: 3320 | D18: 0 | E18: 3320 | F18: =SUM(D18-B18) -> -385 | G18: =SUM(E18-C18) -> 0 | H18: 500.31 | I18: 600 | J18: 533 | K18: =SUM(B18:C18) -> 3705 | L18: =SUM(B18-I18) -> -215 | M18: =SUM(E18-J18) -> 2787
A19: 45705 | B19: 1400 | C19: 3870 | D19: 0 | E19: 3870 | F19: =SUM(D19-B19) -> -1400 | G19: =SUM(E19-C19) -> 0 | H19: 227.73 | I19: 110 | J19: 1370 | K19: =SUM(B19:C19) -> 5270 | L19: =SUM(B19-I19) -> 1290 | M19: =SUM(E19-J19) -> 2500
A20: 45706 | B20: 550 | C20: 1900 | D20: 0 | E20: 1900 | F20: =SUM(D20-B20) -> -550 | G20: =SUM(E20-C20) -> 0 | H20: 298.49 | I20: 100 | J20: 2355 | K20: =SUM(B20:C20) -> 2450 | L20: =SUM(B20-I20) -> 450 | M20: =SUM(E20-J20) -> -455
... A30: 45716 | B30: 1300 | C30: 2010 | D30: 0 | E30: 2010 | F30: =SUM(D30-B30) -> -1300 | G30: =SUM(E30-C30) -> 0 | H30: 321.67 | I30: 370 | J30: 990 | K30: =SUM(B30:C30) -> 3310 | L30: =SUM(B30-I30) -> 930 | M30: =SUM(E30-J30) -> 1020
F31: =SUM(D31-B31) -> 0 | G31: =SUM(E31-C31) -> 0 | K31: =SUM(B31:C31) -> 0 | L31: =SUM(B31-I31) -> 0 | M31: =SUM(E31-J31) -> 0
F32: =SUM(D32-B32) -> 0 | G32: =SUM(E32-C32) -> 0 | K32: =SUM(B32:C32) -> 0 | L32: =SUM(B32-I32) -> 0 | M32: =SUM(E32-J32) -> 0
F33: =SUM(D33-B33) -> 0 | G33: =SUM(E33-C33) -> 0 | K33: =SUM(B33:C33) -> 0 | L33: =SUM(B33-I33) -> 0 | M33: =SUM(E33-J33) -> 0
A34: TOPLAM | B34: =SUM(B3:B33) -> 18725 | C34: =SUM(C3:C33) -> 74565 | E34: =SUM(E3:E33) -> 74565 | F34: =SUM(F3:F33) -> -18725 | G34: =SUM(G3:G33) -> 0 | H34: =SUM(H3:H33) -> 9088.91 | I34: =SUM(I3:I33) -> 14170 | J34: =SUM(J3:J33) -> 79378 | K34: =SUM(K3:K33) -> 93290 | L34: =SUM(L3:L33) -> 4555 | M34: =SUM(M3:M33) -> -4813
G37: TOPLAM CİRO | I37: =SUM(K3:K33) -> 93290
G38: TOPLAM HARCAMA | I38: =SUM(+I34+J34) -> 93548
G39: TOPLAM CİRODAN KALAN | I39: =SUM(L34+M34) -> -258

Sheet OCAK GÜNSONU TABLOSU
A2: SATIŞ | B2: NAKİT SATIŞ | C2: KREDİ SATIŞ | D2: Z RAPORU NAKİT | E2: Z RAPORU KREDİ | F2: NAKİT FARK | G2: KREDİ FARK | H2: KDV | I2: NAKİT HARCAMA | J2: KREDİ HARCAMA | K2: CİRO | L2: CEP NAKİT | M2: CEP KREDİ
A3: 45658 | B3: 460 | C3: 1460 | D3: 0 | E3: 1460 | F3: =SUM(D3-B3) -> -460 | G3: =SUM(E3-C3) -> 0 | H3: 243.34 | I3: 1255 | J3: 0 | K3: =SUM(B3:C3) -> 1920 | L3: =SUM(B3-I3) -> -795 | M3: =SUM(E3-J3) -> 1460
A4: 45659 | B4: 500 | C4: 2680 | D4: 0 | E4: 2680 | F4: =SUM(D4-B4) -> -500 | G4: =SUM(E4-C4) -> 0 | H4: 388.33 | I4: 0 | J4: 900 | K4: =SUM(B4:C4) -> 3180 | L4: =SUM(B4-I4) -> 500 | M4: =SUM(E4-J4) -> 1780
A5: 45660 | B5: 100 | C5: 1160 | D5: 0 | E5: 1160 | F5: =SUM(D5-B5) -> -100 | G5: =SUM(E5-C5) -> 0 | H5: 193.34 | I5: 410 | J5: 4830 | K5: =SUM(B5:C5) -> 1260 | L5: =SUM(B5-I5) -> -310 | M5: =SUM(E5-J5) -> -3670
A6: 45661 | B6: 2090 | C6: 3550 | D6: 0 | E6: 3550 | F6: =SUM(D6-B6) -> -2090 | G6: =SUM(E6-C6) -> 0 | H6: 468.18 | I6: 0 | J6: 0 | K6: =SUM(B6:C6) -> 5640 | L6: =SUM(B6-I6) -> 2090 | M6: =SUM(E6-J6) -> 3550
A7: 45662 | B7: 2200 | C7: 580 | D7: 0 | E7: 580 | F7: =SUM(D7-B7) -> -2200 | G7: =SUM(E7-C7) -> 0 | H7: 85.31 | I7: 400 | J7: 0 | K7: =SUM(B7:C7) -> 2780 | L7: =SUM(B7-I7) -> 1800 | M7: =SUM(E7-J7) -> 580
A8: 45663 | B8: 550 | C8: 4550 | D8: 0 | E8: 4550 | F8: =SUM(D8-B8) -> -550 | G8: 0 | H8: 482.58 | I8: 300 | J8: 17800 | K8: =SUM(B8:C8) -> 5100 | L8: =SUM(B8-I8) -> 250 | M8: =SUM(E8-J8) -> -13250
A9: 45664 | B9: 400 | C9: 3830 | D9: 0 | E9: 3830 | F9: =SUM(D9-B9) -> -400 | G9: =SUM(E9-C9) -> 0 | H9: 600.45 | I9: 750 | J9: 0 | K9: =SUM(B9:C9) -> 4230 | L9: =SUM(B9-I9) -> -350 | M9: =SUM(E9-J9) -> 3830
A10: 45665 | B10: 1600 | C10: 1640 | D10: 0 | E10: 1640 | F10: =SUM(D10-B10) -> -1600 | G10: =SUM(E10-C10) -> 0 | H10: 218.79 | I10: 230 | J10: 0 | K10: =SUM(B10:C10) -> 3240 | L10: =SUM(B10-I10) -> 1370 | M10: =SUM(E10-J10) -> 1640
A11: 45666 | B11: 700 | C11: 2260 | D11: 0 | E11: 2260 | F11: =SUM(D11-B11) -> -700 | G11: =SUM(E11-C11) -> 0 | H11: 321.36 | I11: 445 | J11: 0 | K11: =SUM(B11:C11) -> 2960 | L11: =SUM(B11-I11) -> 255 | M11: =SUM(E11-J11) -> 2260
A12: 45667 | B12: 940 | C12: 2010 | D12: 0 | E12: 2010 | F12: =SUM(D12-B12) -> -940 | G12: =SUM(E12-C12) -> 0 | H12: 281.67 | I12: 6365 | J12: 6000 | K12: =SUM(B12:C12) -> 2950 | L12: =SUM(B12-I12) -> -5425 | M12: =SUM(E12-J12) -> -3990
A13: 45668 | B13: 1710 | C13: 1300 | D13: 0 | E13: 1300 | F13: =SUM(D13-B13) -> -1710 | G13: =SUM(E13-C13) -> 0 | H13: 152.27 | I13: 450 | J13: 0 | K13: =SUM(B13:C13) -> 3010 | L13: =SUM(B13-I13) -> 1260 | M13: =SUM(E13-J13) -> 1300
A14: 45669 | B14: 490 | C14: 1910 | D14: 0 | E14: 1910 | F14: =SUM(D14-B14) -> -490 | G14: =SUM(E14-C14) -> 0 | H14: 318.34 | I14: 190 | J14: 100 | K14: =SUM(B14:C14) -> 2400 | L14: =SUM(B14-I14) -> 300 | M14: =SUM(E14-J14) -> 1810
A15: 45670 | B15: 580 | C15: 2785 | D15: 0 | E15: 2785 | F15: =SUM(D15-B15) -> -580 | G15: =SUM(E15-C15) -> 0 | H15: 370.99 | I15: 210 | J15: 100 | K15: =SUM(B15:C15) -> 3365 | L15: =SUM(B15-I15) -> 370 | M15: =SUM(E15-J15) -> 2685
A16: 45671 | B16: 410 | C16: 1830 | D16: 0 | E16: 1830 | F16: =SUM(D16-B16) -> -410 | G16: =SUM(E16-C16) -> 0 | H16: 304.99 | I16: 900 | J16: 2400 | K16: =SUM(B16:C16) -> 2240 | L16: =SUM(B16-I16) -> -490 | M16: =SUM(E16-J16) -> -570
A17: 45672 | B17: 575 | C17: 1770 | D17: 0 | E17: 1770 | F17: =SUM(D17-B17) -> -575 | G17: =SUM(E17-C17) -> 0 | H17: 207.88 | I17: 1550 | J17: 7000 | K17: =SUM(B17:C17) -> 2345 | L17: =SUM(B17-I17) -> -975 | M17: =SUM(E17-J17) -> -5230
A18: 45673 | B18: 490 | C18: 2260 | D18: 0 | E18: 2260 | F18: =SUM(D18-B18) -> -490 | G18: =SUM(E18-C18) -> 0 | H18: 335.01 | I18: 0 | J18: 520 | K18: =SUM(B18:C18) -> 2750 | L18: =SUM(B18-I18) -> 490 | M18: =SUM(E18-J18) -> 1740
A19: 45674 | B19: 800 | C19: 2030 | D19: 0 | E19: 2030 | F19: =SUM(D19-B19) -> -800 | G19: =SUM(E19-C19) -> 0 | H19: 338.34 | I19: 1160 | J19: 3400 | K19: =SUM(B19:C19) -> 2830 | L19: =SUM(B19-I19) -> -360 | M19: =SUM(E19-J19) -> -1370
A20: 45675 | B20: 800 | C20: 2880 | D20: 0 | E20: 2880 | F20: =SUM(D20-B20) -> -800 | G20: =SUM(E20-C20) -> 0 | H20: 449.99 | I20: 300 | J20: 200 | K20: =SUM(B20:C20) -> 3680 | L20: =SUM(B20-I20) -> 500 | M20: =SUM(E20-J20) -> 2680
... A33: 45688 | B33: 720 | C33: 3015 | D33: 0 | E33: 3015 | F33: =SUM(D33-B33) -> -720 | G33: =SUM(E33-C33) -> 0 | H33: 502.51 | I33: 280 | J33: 1065 | K33: =SUM(B33:C33) -> 3735 | L33: =SUM(B33-I33) -> 440 | M33: =SUM(E33-J33) -> 1950
A34: TOPLAM | B34: =SUM(B3:B33) -> 22565 | C34: =SUM(C3:C33) -> 75180 | E34: =SUM(E3:E33) -> 75180 | F34: =SUM(F3:F33) -> -22565 | G34: =SUM(G3:G33) -> 0 | H34: =SUM(H3:H33) -> 10957.57 | I34: =SUM(I3:I33) -> 19610 | J34: =SUM(J3:J33) -> 64460 | K34: =SUM(K3:K33) -> 97745 | L34: =SUM(L3:L33) -> 2955 | M34: =SUM(M3:M33) -> 10720
G37: TOPLAM CİRO | I37: =SUM(K3:K33) -> 97745
G38: TOPLAM HARCAMA | I38: =SUM(+I34+J34) -> 84070
G39: TOPLAM CİRODAN KALAN | I39: =SUM(L34+M34) -> 13675

Sheet 2025

Sheet ARALIK GÜNSONU TABLOSU
A2: SATIŞ | B2: NAKİT SATIŞ | C2: KREDİ SATIŞ | D2: Z RAPORU NAKİT | E2: Z RAPORU KREDİ | F2: NAKİT FARK | G2: KREDİ FARK | H2: KDV | I2: NAKİT HARCAMA | J2: KREDİ HARCAMA | K2: CİRO | L2: CEP NAKİT | M2: CEP KREDİ
A3: 45627 | B3: 50 | C3: 1020 | D3: 0 | E3: 1020 | F3: =SUM(D3-B3) -> -50 | G3: =SUM(E3-C3) -> 0 | H3: 99.54 | I3: 555 | J3: 0 | K3: =SUM(B3:C3) -> 1070 | L3: =SUM(B3-I3) -> -505 | M3: =SUM(E3-J3) -> 1020
A4: 45628 | B4: 250 | C4: 800 | D4: 0 | E4: 800 | F4: =SUM(D4-B4) -> -250 | G4: =SUM(E4-C4) -> 0 | H4: 84.09 | I4: 295 | J4: 2200 | K4: =SUM(B4:C4) -> 1050 | L4: =SUM(B4-I4) -> -45 | M4: =SUM(E4-J4) -> -1400
A5: 45629 | B5: 300 | C5: 2570 | D5: 0 | E5: 2570 | F5: =SUM(D5-B5) -> -300 | G5: =SUM(E5-C5) -> 0 | H5: 300.9 | I5: 800 | J5: 1600 | K5: =SUM(B5:C5) -> 2870 | L5: =SUM(B5-I5) -> -500 | M5: =SUM(E5-J5) -> 970
A6: 45630 | B6: 1275 | C6: 1980 | D6: 0 | E6: 1980 | F6: =SUM(D6-B6) -> -1275 | G6: =SUM(E6-C6) -> 0 | H6: 269.39 | I6: 150 | J6: 2625 | K6: =SUM(B6:C6) -> 3255 | L6: =SUM(B6-I6) -> 1125 | M6: =SUM(E6-J6) -> -645
A7: 45631 | B7: 1650 | C7: 1150 | D7: 0 | E7: 1150 | F7: =SUM(D7-B7) -> -1650 | G7: =SUM(E7-C7) -> 0 | H7: 154.55 | I7: 200 | J7: 500 | K7: =SUM(B7:C7) -> 2800 | L7: =SUM(B7-I7) -> 1450 | M7: =SUM(E7-J7) -> 650
A8: 45632 | B8: 195 | C8: 2060 | D8: 0 | E8: 2060 | F8: =SUM(D8-B8) -> -195 | G8: 0 | H8: 235.76 | I8: 240 | J8: 500 | K8: =SUM(B8:C8) -> 2255 | L8: =SUM(B8-I8) -> -45 | M8: =SUM(E8-J8) -> 1560
A9: 45633 | B9: 1300 | C9: 6270 | D9: 0 | E9: 6270 | F9: =SUM(D9-B9) -> -1300 | G9: =SUM(E9-C9) -> 0 | H9: 707.49 | I9: 800 | J9: 0 | K9: =SUM(B9:C9) -> 7570 | L9: =SUM(B9-I9) -> 500 | M9: =SUM(E9-J9) -> 6270
A10: 45634 | B10: 950 | C10: 2325 | D10: 0 | E10: 2325 | F10: =SUM(D10-B10) -> -950 | G10: =SUM(E10-C10) -> 0 | H10: 214.01 | I10: 0 | J10: 0 | K10: =SUM(B10:C10) -> 3275 | L10: =SUM(B10-I10) -> 950 | M10: =SUM(E10-J10) -> 2325
A11: 45635 | B11: 460 | C11: 1510 | D11: 0 | E11: 1510 | F11: =SUM(D11-B11) -> -460 | G11: =SUM(E11-C11) -> 0 | H11: 181.21 | I11: 3150 | J11: 0 | K11: =SUM(B11:C11) -> 1970 | L11: =SUM(B11-I11) -> -2690 | M11: =SUM(E11-J11) -> 1510
A12: 45636 | B12: 220 | C12: 860 | D12: 0 | E12: 860 | F12: =SUM(D12-B12) -> -220 | G12: =SUM(E12-C12) -> 0 | H12: 143.32 | I12: 1000 | J12: 16500 | K12: =SUM(B12:C12) -> 1080 | L12: =SUM(B12-I12) -> -780 | M12: =SUM(E12-J12) -> -15640
A13: 45637 | B13: 1400 | C13: 1980 | D13: 0 | E13: 1980 | F13: =SUM(D13-B13) -> -1400 | G13: =SUM(E13-C13) -> 0 | H13: 259.56 | I13: 200 | J13: 940 | K13: =SUM(B13:C13) -> 3380 | L13: =SUM(B13-I13) -> 1200 | M13: =SUM(E13-J13) -> 1040
A14: 45638 | B14: 1670 | C14: 1640 | D14: 0 | E14: 1640 | F14: =SUM(D14-B14) -> -1670 | G14: =SUM(E14-C14) -> 0 | H14: 229.4 | I14: 150 | J14: 300 | K14: =SUM(B14:C14) -> 3310 | L14: =SUM(B14-I14) -> 1520 | M14: =SUM(E14-J14) -> 1340
A15: 45639 | B15: 700 | C15: 3780 | D15: 0 | E15: 3780 | F15: =SUM(D15-B15) -> -700 | G15: =SUM(E15-C15) -> 0 | H15: 379.24 | I15: 655 | J15: 3000 | K15: =SUM(B15:C15) -> 4480 | L15: =SUM(B15-I15) -> 45 | M15: =SUM(E15-J15) -> 780
A16: 45640 | B16: 1000 | C16: 1575 | D16: 0 | E16: 1575 | F16: =SUM(D16-B16) -> -1000 | G16: =SUM(E16-C16) -> 0 | H16: 201.89 | I16: 615 | J16: 0 | K16: =SUM(B16:C16) -> 2575 | L16: =SUM(B16-I16) -> 385 | M16: =SUM(E16-J16) -> 1575
A17: 45641 | B17: 110 | C17: 2010 | D17: 0 | E17: 2010 | F17: =SUM(D17-B17) -> -110 | G17: =SUM(E17-C17) -> 0 | H17: 256.98 | I17: 505 | J17: 0 | K17: =SUM(B17:C17) -> 2120 | L17: =SUM(B17-I17) -> -395 | M17: =SUM(E17-J17) -> 2010
A18: 45642 | B18: 940 | C18: 2620 | D18: 0 | E18: 2620 | F18: =SUM(D18-B18) -> -940 | G18: =SUM(E18-C18) -> 0 | H18: 334.39 | I18: 450 | J18: 4140 | K18: =SUM(B18:C18) -> 3560 | L18: =SUM(B18-I18) -> 490 | M18: =SUM(E18-J18) -> -1520
A19: 45643 | B19: 0 | C19: 3260 | D19: 0 | E19: 3260 | F19: =SUM(D19-B19) -> 0 | G19: =SUM(E19-C19) -> 0 | H19: 100 | I19: 650 | J19: 0 | K19: =SUM(B19:C19) -> 3260 | L19: =SUM(B19-I19) -> -650 | M19: =SUM(E19-J19) -> 3260
A20: 45644 | B20: 1500 | C20: 3450 | D20: 0 | E20: 3450 | F20: =SUM(D20-B20) -> -1500 | G20: =SUM(E20-C20) -> 0 | H20: 499.99 | I20: 925 | J20: 630 | K20: =SUM(B20:C20) -> 4950 | L20: =SUM(B20-I20) -> 575 | M20: =SUM(E20-J20) -> 2820
... A33: 45657 | B33: 1900 | C33: 8645 | D33: 0 | E33: 8645 | F33: =SUM(D33-B33) -> -1900 | G33: =SUM(E33-C33) -> 0 | H33: 1512.52 | I33: 4300 | J33: 12570 | K33: =SUM(B33:C33) -> 10545 | L33: =SUM(B33-I33) -> -2400 | M33: =SUM(E33-J33) -> -3925
A34: TOPLAM | B34: =SUM(B3:B33) -> 26890 | C34: =SUM(C3:C33) -> 99545 | E34: =SUM(E3:E33) -> 99395 | F34: =SUM(F3:F33) -> -26890 | G34: =SUM(G3:G33) -> -150 | H34: =SUM(H3:H33) -> 12078.76 | I34: =SUM(I3:I33) -> 24265 | J34: =SUM(J3:J33) -> 89965 | K34: =SUM(K3:K33) -> 126435 | L34: =SUM(L3:L33) -> 2625 | M34: =SUM(M3:M33) -> 9430
G37: TOPLAM CİRO | I37: =SUM(K3:K33) -> 126435
G38: TOPLAM HARCAMA | I38: =SUM(+I34+J34) -> 114230
G39: TOPLAM CİRODAN KALAN | I39: =SUM(L34+M34) -> 12055

Sheet KASIM GÜNSONU TABLOSU
A2: SATIŞ | B2: NAKİT SATIŞ | C2: KREDİ SATIŞ | D2: Z RAPORU NAKİT | E2: Z RAPORU KREDİ | F2: NAKİT FARK | G2: KREDİ FARK | H2: KDV | I2: NAKİT HARCAMA | J2: KREDİ HARCAMA | K2: CİRO | L2: CEP NAKİT | M2: CEP KREDİ
A3: 45597 | B3: 550 | C3: 1530 | D3: 0 | E3: 1530 | F3: =SUM(D3-B3) -> -550 | G3: =SUM(E3-C3) -> 0 | H3: 255 | I3: 250 | J3: 0 | K3: =SUM(B3:C3) -> 2080 | L3: =SUM(B3-I3) -> 300 | M3: =SUM(E3-J3) -> 1530
A4: 45598 | B4: 1300 | C4: 4150 | D4: 0 | E4: 4150 | F4: =SUM(D4-B4) -> -1300 | G4: =SUM(E4-C4) -> 0 | H4: 691.67 | I4: 520 | J4: 0 | K4: =SUM(B4:C4) -> 5450 | L4: =SUM(B4-I4) -> 780 | M4: =SUM(E4-J4) -> 4150
A5: 45599 | B5: 1300 | C5: 4645 | D5: 0 | E5: 4645 | F5: =SUM(D5-B5) -> -1300 | G5: =SUM(E5-C5) -> 0 | H5: 635.83 | I5: 1350 | J5: 0 | K5: =SUM(B5:C5) -> 5945 | L5: =SUM(B5-I5) -> -50 | M5: =SUM(E5-J5) -> 4645
A6: 45600 | B6: 120 | C6: 550 | D6: 0 | E6: 550 | F6: =SUM(D6-B6) -> -120 | G6: =SUM(E6-C6) -> 0 | H6: 91.67 | I6: 3200 | J6: 16665 | K6: =SUM(B6:C6) -> 670 | L6: =SUM(B6-I6) -> -3080 | M6: =SUM(E6-J6) -> -16115
A7: 45601 | B7: 1830 | C7: 1680 | D7: 0 | E7: 1680 | F7: =SUM(D7-B7) -> -1830 | G7: =SUM(E7-C7) -> 0 | H7: 280 | I7: 350 | J7: 0 | K7: =SUM(B7:C7) -> 3510 | L7: =SUM(B7-I7) -> 1480 | M7: =SUM(E7-J7) -> 1680
A8: 45602 | B8: 200 | C8: 3800 | D8: 0 | E8: 3800 | F8: =SUM(D8-B8) -> -200 | G8: 0 | H8: 633.34 | I8: 515 | J8: 0 | K8: =SUM(B8:C8) -> 4000 | L8: =SUM(B8-I8) -> -315 | M8: =SUM(E8-J8) -> 3800
A9: 45603 | B9: 750 | C9: 3320 | D9: 0 | E9: 3320 | F9: =SUM(D9-B9) -> -750 | G9: =SUM(E9-C9) -> 0 | H9: 436.67 | I9: 250 | J9: 0 | K9: =SUM(B9:C9) -> 4070 | L9: =SUM(B9-I9) -> 500 | M9: =SUM(E9-J9) -> 3320
A10: 45604 | B10: 700 | C10: 1230 | D10: 0 | E10: 1230 | F10: =SUM(D10-B10) -> -700 | G10: =SUM(E10-C10) -> 0 | H10: 186.82 | I10: 625 | J10: 3900 | K10: =SUM(B10:C10) -> 1930 | L10: =SUM(B10-I10) -> 75 | M10: =SUM(E10-J10) -> -2670
A11: 45605 | B11: 1200 | C11: 2630 | D11: 0 | E11: 2630 | F11: =SUM(D11-B11) -> -1200 | G11: =SUM(E11-C11) -> 0 | H11: 400.45 | I11: 0 | J11: 0 | K11: =SUM(B11:C11) -> 3830 | L11: =SUM(B11-I11) -> 1200 | M11: =SUM(E11-J11) -> 2630
A12: 45606 | B12: 650 | C12: 2640 | D12: 0 | E12: 2640 | F12: =SUM(D12-B12) -> -650 | G12: =SUM(E12-C12) -> 0 | H12: 413.49 | I12: 200 | J12: 0 | K12: =SUM(B12:C12) -> 3290 | L12: =SUM(B12-I12) -> 450 | M12: =SUM(E12-J12) -> 2640
A13: 45607 | B13: 100 | C13: 2170 | D13: 0 | E13: 2170 | F13: =SUM(D13-B13) -> -100 | G13: =SUM(E13-C13) -> 0 | H13: 361.67 | I13: 3550 | J13: 12000 | K13: =SUM(B13:C13) -> 2270 | L13: =SUM(B13-I13) -> -3450 | M13: =SUM(E13-J13) -> -9830
A14: 45608 | B14: 100 | C14: 440 | D14: 0 | E14: 440 | F14: =SUM(D14-B14) -> -100 | G14: =SUM(E14-C14) -> 0 | H14: 45.31 | I14: 0 | J14: 3000 | K14: =SUM(B14:C14) -> 540 | L14: =SUM(B14-I14) -> 100 | M14: =SUM(E14-J14) -> -2560
A15: 45609 | B15: 270 | C15: 2450 | D15: 0 | E15: 2450 | F15: =SUM(D15-B15) -> -270 | G15: =SUM(E15-C15) -> 0 | H15: 351.9 | I15: 160 | J15: 0 | K15: =SUM(B15:C15) -> 2720 | L15: =SUM(B15-I15) -> 110 | M15: =SUM(E15-J15) -> 2450
A16: 45610 | B16: 300 | C16: 725 | D16: 0 | E16: 725 | F16: =SUM(D16-B16) -> -300 | G16: =SUM(E16-C16) -> 0 | H16: 120.84 | I16: 290 | J16: 2010 | K16: =SUM(B16:C16) -> 1025 | L16: =SUM(B16-I16) -> 10 | M16: =SUM(E16-J16) -> -1285
A17: 45611 | B17: 800 | C17: 2480 | D17: 0 | E17: 2480 | F17: =SUM(D17-B17) -> -800 | G17: =SUM(E17-C17) -> 0 | H17: 322.42 | I17: 150 | J17: 480 | K17: =SUM(B17:C17) -> 3280 | L17: =SUM(B17-I17) -> 650 | M17: =SUM(E17-J17) -> 2000
A18: 45612 | B18: 1000 | C18: 1295 | D18: 0 | E18: 1295 | F18: =SUM(D18-B18) -> -1000 | G18: =SUM(E18-C18) -> 0 | H18: 178.33 | I18: 270 | J18: 0 | K18: =SUM(B18:C18) -> 2295 | L18: =SUM(B18-I18) -> 730 | M18: =SUM(E18-J18) -> 1295
A19: 45613 | B19: 1050 | C19: 2735 | D19: 0 | E19: 2735 | F19: =SUM(D19-B19) -> -1050 | G19: =SUM(E19-C19) -> 0 | H19: 154.17 | I19: 740 | J19: 650 | K19: =SUM(B19:C19) -> 3785 | L19: =SUM(B19-I19) -> 310 | M19: =SUM(E19-J19) -> 2085
A20: 45614 | B20: 0 | C20: 1525 | D20: 0 | E20: 1525 | F20: =SUM(D20-B20) -> 0 | G20: =SUM(E20-C20) -> 0 | H20: 254.17 | I20: 100 | J20: 5100 | K20: =SUM(B20:C20) -> 1525 | L20: =SUM(B20-I20) -> -100 | M20: =SUM(E20-J20) -> -3575
... A32: 45626 | B32: 900 | C32: 3520 | D32: 0 | E32: 3520 | F32: =SUM(D32-B32) -> -900 | G32: =SUM(E32-C32) -> 0 | H32: 338.18 | I32: 725 | J32: 430 | K32: =SUM(B32:C32) -> 4420 | L32: =SUM(B32-I32) -> 175 | M32: =SUM(E32-J32) -> 3090
A34: TOPLAM | B34: =SUM(B3:B33) -> 22400 | C34: =SUM(C3:C33) -> 66483 | E34: =SUM(E3:E33) -> 66483 | F34: =SUM(F3:F33) -> -22400 | G34: =SUM(G3:G33) -> 0 | H34: =SUM(H3:H33) -> 8599.02 | I34: =SUM(I3:I33) -> 23215 | J34: =SUM(J3:J33) -> 69860 | K34: =SUM(K3:K33) -> 88883 | L34: =SUM(L3:L33) -> -815 | M34: =SUM(M3:M33) -> -3377
G37: TOPLAM CİRO | I37: =SUM(K3:K33) -> 88883
G38: TOPLAM HARCAMA | I38: =SUM(+I34+J34) -> 93075
G39: TOPLAM CİRODAN KALAN | I39: =SUM(L34+M34) -> -4192

Sheet EKİM 2024
A2: SATIŞ | B2: NAKİT SATIŞ | C2: KREDİ SATIŞ | D2: Z RAPORU NAKİT | E2: Z RAPORU KREDİ | F2: NAKİT FARK | G2: KREDİ FARK | H2: KDV | I2: NAKİT HARCAMA | J2: KREDİ HARCAMA | K2: CİRO | L2: CEP NAKİT | M2: CEP KREDİ
A3: 45566 | B3: 1400 | C3: 3410 | D3: 0 | E3: 3410 | F3: =SUM(D3-B3) -> -1400 | G3: =SUM(E3-C3) -> 0 | H3: 568.34 | I3: =400+350 -> 750 | J3: =240+2250+637 -> 3127 | K3: =SUM(B3:C3) -> 4810 | L3: =SUM(B3-I3) -> 650 | M3: =SUM(E3-J3) -> 283
A4: 45567 | B4: 200 | C4: 2230 | D4: 0 | E4: 2230 | F4: =SUM(D4-B4) -> -200 | G4: =SUM(E4-C4) -> 0 | H4: 371.66 | I4: =150+190+130+70+70 -> 610 | J4: 2500 | K4: =SUM(B4:C4) -> 2430 | L4: =SUM(B4-I4) -> -410 | M4: =SUM(E4-J4) -> -270
A5: 45568 | B5: =1800+110 -> 1910 | C5: 6290 | D5: 0 | E5: 6290 | F5: =SUM(D5-B5) -> -1910 | G5: =SUM(E5-C5) -> 0 | H5: 1048.32 | I5: =410+130+325 -> 865 | J5: 0 | K5: =SUM(B5:C5) -> 8200 | L5: =SUM(B5-I5) -> 1045 | M5: =SUM(E5-J5) -> 6290
A6: 45569 | B6: 1100 | C6: 1670 | D6: 0 | E6: 1670 | F6: =SUM(D6-B6) -> -1100 | G6: =SUM(E6-C6) -> 0 | H6: 278.33 | I6: =300+130 -> 430 | J6: 2119 | K6: =SUM(B6:C6) -> 2770 | L6: =SUM(B6-I6) -> 670 | M6: =SUM(E6-J6) -> -449
A7: 45570 | B7: 750 | C7: 2250 | D7: 0 | E7: 2250 | F7: =SUM(D7-B7) -> -750 | G7: =SUM(E7-C7) -> 0 | H7: 418.32 | I7: =220+350 -> 570 | J7: 0 | K7: =SUM(B7:C7) -> 3000 | L7: =SUM(B7-I7) -> 180 | M7: =SUM(E7-J7) -> 2250
A8: 45571 | B8: 1900 | C8: 4525 | D8: 0 | E8: 4525 | F8: =SUM(D8-B8) -> -1900 | G8: =SUM(E8-C8) -> 0 | H8: 754.15 | I8: 450 | J8: 0 | K8: =SUM(B8:C8) -> 6425 | L8: =SUM(B8-I8) -> 1450 | M8: =SUM(E8-J8) -> 4525
A9: 45572 | B9: =400+200+150+100 -> 850 | C9: =250+560+200+460+190+400 -> 2060 | D9: 0 | E9: 2060 | F9: =SUM(D9-B9) -> -850 | G9: =SUM(E9-C9) -> 0 | H9: 343.34 | I9: =250+325+150 -> 725 | J9: 650 | K9: =SUM(B9:C9) -> 2910 | L9: =SUM(B9-I9) -> 125 | M9: =SUM(E9-J9) -> 1410
A10: 45573 | B10: 680 | C10: 1840 | D10: 0 | E10: 1840 | F10: =SUM(D10-B10) -> -680 | G10: =SUM(E10-C10) -> 0 | H10: 306.67 | I10: 340 | J10: 15500 | K10: =SUM(B10:C10) -> 2520 | L10: =SUM(B10-I10) -> 340 | M10: =SUM(E10-J10) -> -13660
A11: 45574 | B11: 850 | C11: 2730 | D11: 0 | E11: 2730 | F11: =SUM(D11-B11) -> -850 | G11: =SUM(E11-C11) -> 0 | H11: 421.67 | I11: 5340 | J11: 110 | K11: =SUM(B11:C11) -> 3580 | L11: =SUM(B11-I11) -> -4490 | M11: =SUM(E11-J11) -> 2620
A12: 45575 | B12: 950 | C12: 4540 | D12: 0 | E12: 4540 | F12: =SUM(D12-B12) -> -950 | G12: =SUM(E12-C12) -> 0 | H12: 756.65 | I12: 1500 | J12: 4000 | K12: =SUM(B12:C12) -> 5490 | L12: =SUM(B12-I12) -> -550 | M12: =SUM(E12-J12) -> 540
A13: 45576 | B13: 1350 | C13: 3770 | D13: 0 | E13: 3770 | F13: =SUM(D13-B13) -> -1350 | G13: =SUM(E13-C13) -> 0 | H13: 628.34 | I13: 650 | J13: 4095 | K13: =SUM(B13:C13) -> 5120 | L13: =SUM(B13-I13) -> 700 | M13: =SUM(E13-J13) -> -325
A14: 45577 | B14: 2200 | C14: 5985 | D14: 0 | E14: 5985 | F14: =SUM(D14-B14) -> -2200 | G14: =SUM(E14-C14) -> 0 | H14: 997.49 | I14: 455 | J14: 0 | K14: =SUM(B14:C14) -> 8185 | L14: =SUM(B14-I14) -> 1745 | M14: =SUM(E14-J14) -> 5985
A15: 45578 | B15: 400 | C15: 2010 | D15: 0 | E15: 2010 | F15: =SUM(D15-B15) -> -400 | G15: =SUM(E15-C15) -> 0 | H15: 335 | I15: 225 | J15: 800 | K15: =SUM(B15:C15) -> 2410 | L15: =SUM(B15-I15) -> 175 | M15: =SUM(E15-J15) -> 1210
A16: 45579 | B16: 200 | C16: 1400 | D16: 0 | E16: 1400 | F16: =SUM(D16-B16) -> -200 | G16: =SUM(E16-C16) -> 0 | H16: 233.33 | I16: 180 | J16: 8625 | K16: =SUM(B16:C16) -> 1600 | L16: =SUM(B16-I16) -> 20 | M16: =SUM(E16-J16) -> -7225
A17: 45580 | B17: 2100 | C17: 2020 | D17: 0 | E17: 2020 | F17: =SUM(D17-B17) -> -2100 | G17: =SUM(E17-C17) -> 0 | H17: 336.66 | I17: 620 | J17: 2120 | K17: =SUM(B17:C17) -> 4120 | L17: =SUM(B17-I17) -> 1480 | M17: =SUM(E17-J17) -> -100
A18: 45581 | B18: 480 | C18: =3170+150 -> 3320 | D18: 0 | E18: 3170 | F18: =SUM(D18-B18) -> -480 | G18: =SUM(E18-C18) -> -150 | H18: 528.35 | I18: =470+550+330 -> 1350 | J18: 335 | K18: =SUM(B18:C18) -> 3800 | L18: =SUM(B18-I18) -> -870 | M18: =SUM(E18-J18) -> 2835
A19: 45582 | B19: 630 | C19: 1950 | D19: 0 | E19: 1950 | F19: =SUM(D19-B19) -> -630 | G19: =SUM(E19-C19) -> 0 | H19: 325 | I19: 370 | J19: 1000 | K19: =SUM(B19:C19) -> 2580 | L19: =SUM(B19-I19) -> 260 | M19: =SUM(E19-J19) -> 950
A20: 45583 | B20: 900 | C20: 4400 | D20: 0 | E20: 3080 | F20: =SUM(D20-B20) -> -900 | G20: =SUM(E20-C20) -> -1320 | H20: 513.33 | I20: 4000 | J20: 7500 | K20: =SUM(B20:C20) -> 5300 | L20: =SUM(B20-I20) -> -3100 | M20: =SUM(E20-J20) -> -4420
A21: 45584 | B21: 1180 | C21: 4600 | D21: 0 | E21: 4600 | F21: =SUM(D21-B21) -> -1180 | G21: =SUM(E21-C21) -> 0 | H21: 766.68 | I21: 330 | J21: 560 | K21: =SUM(B21:C21) -> 5780 | L21: =SUM(B21-I21) -> 850 | M21: =SUM(E21-J21) -> 4040
A22: 45585 | B22: 2600 | C22: 4310 | D22: 0 | E22: 4310 | F22: =SUM(D22-B22) -> -2600 | G22: =SUM(E22-C22) -> 0 | H22: 718.33 | I22: 300 | J22: 275 | K22: =SUM(B22:C22) -> 6910 | L22: =SUM(B22-I22) -> 2300 | M22: =SUM(E22-J22) -> 4035
A23: 45586 | B23: 0 | C23: 2200 | D23: 0 | E23: 2200 | F23: =SUM(D23-B23) -> 0 | G23: =SUM(E23-C23) -> 0 | H23: 366.66 | I23: =300+300 -> 600 | J23: =1375+4200+200+650 -> 6425 | K23: =SUM(B23:C23) -> 2200 | L23: =SUM(B23-I23) -> -600 | M23: =SUM(E23-J23) -> -4225
A24: 45587 | B24: 670 | C24: 6090 | D24: 0 | E24: 6090 | F24: =SUM(D24-B24) -> -670 | G24: =SUM(E24-C24) -> 0 | H24: 1015.04 | I24: 490 | J24: 5720 | K24: =SUM(B24:C24) -> 6760 | L24: =SUM(B24-I24) -> 180 | M24: =SUM(E24-J24) -> 370
A25: 45588 | B25: 700 | C25: 2000 | D25: 0 | E25: 2000 | F25: =SUM(D25-B25) -> -700 | G25: =SUM(E25-C25) -> 0 | H25: 333.33 | I25: 470 | J25: 0 | K25: =SUM(B25:C25) -> 2700 | L25: =SUM(B25-I25) -> 230 | M25: =SUM(E25-J25) -> 2000
A26: 45589 | B26: 950 | C26: 2080 | D26: 0 | E26: 2080 | F26: =SUM(D26-B26) -> -950 | G26: =SUM(E26-C26) -> 0 | H26: 346.67 | I26: 2000 | J26: 3840 | K26: =SUM(B26:C26) -> 3030 | L26: =SUM(B26-I26) -> -1050 | M26: =SUM(E26-J26) -> -1760
A27: 45590 | B27: 650 | C27: 930 | D27: 0 | E27: 930 | F27: =SUM(D27-B27) -> -650 | G27: =SUM(E27-C27) -> 0 | H27: 155 | I27: 575 | J27: 0 | K27: =SUM(B27:C27) -> 1580 | L27: =SUM(B27-I27) -> 75 | M27: =SUM(E27-J27) -> 930
A28: 45591 | B28: 1890 | C28: 4820 | D28: 0 | E28: 4820 | F28: =SUM(D28-B28) -> -1890 | G28: =SUM(E28-C28) -> 0 | H28: 293.34 | I28: 300 | J28: 1100 | K28: 6170 | L28: =SUM(B28-I28) -> 1590 | M28: =SUM(E28-J28) -> 3720
A29: 45592 | B29: 540 | C29: 2930 | D29: 0 | E29: 2930 | F29: =SUM(D29-B29) -> -540 | G29: =SUM(E29-C29) -> 0 | H29: 430 | I29: 480 | J29: 0 | K29: =SUM(B29:C29) -> 3470 | L29: =SUM(B29-I29) -> 60 | M29: =SUM(E29-J29) -> 2930
A30: 45593 | B30: 830 | C30: 3490 | D30: 0 | E30: 3490 | F30: =SUM(D30-B30) -> -830 | G30: =SUM(E30-C30) -> 0 | H30: 581.67 | I30: 1200 | J30: 12365 | K30: =SUM(B30:C30) -> 4320 | L30: =SUM(B30-I30) -> -370 | M30: =SUM(E30-J30) -> -8875
A31: 45594 | B31: 100 | C31: 2680 | D31: 0 | E31: 2680 | F31: =SUM(D31-B31) -> -100 | G31: =SUM(E31-C31) -> 0 | H31: 446.65 | I31: 150 | J31: 970 | K31: =SUM(B31:C31) -> 2780 | L31: =SUM(B31-I31) -> -50 | M31: =SUM(E31-J31) -> 1710
A32: 45595 | B32: 1100 | C32: 1370 | D32: 0 | E32: 1370 | F32: =SUM(D32-B32) -> -1100 | G32: =SUM(E32-C32) -> 0 | H32: 103.33 | I32: 1655 | J32: 5465 | K32: =SUM(B32:C32) -> 2470 | L32: =SUM(B32-I32) -> -555 | M32: =SUM(E32-J32) -> -4095
A33: 45596 | B33: 50 | C33: 3600 | D33: 0 | E33: 3600 | F33: =SUM(D33-B33) -> -50 | G33: =SUM(E33-C33) -> 0 | H33: 599.98 | I33: 290 | J33: 0 | K33: =SUM(B33:C33) -> 3650 | L33: =SUM(B33-I33) -> -240 | M33: =SUM(E33-J33) -> 3600
A34: TOPLAM | B34: =SUM(B3:B33) -> 30110 | C34: =SUM(C3:C33) -> 97500 | E34: =SUM(E3:E33) -> 96030 | F34: =SUM(F3:F33) -> -30110 | G34: =SUM(G3:G33) -> -1470 | H34: =SUM(H3:H33) -> 15321.63 | I34: =SUM(I3:I33) -> 28270 | J34: =SUM(J3:J33) -> 89201 | K34: =SUM(K3:K33) -> 127070 | L34: =SUM(L3:L33) -> 1840 | M34: =SUM(M3:M33) -> 6829
G37: TOPLAM CİRO | I37: =SUM(K3:K33) -> 127070
G38: TOPLAM HARCAMA | I38: =SUM(+I34+J34) -> 117471
G39: TOPLAM CİRODAN KALAN | I39: =SUM(L34+M34) -> 8669
